NO,체험프로그램명,체험처명,체험처유형,체험프로그램 직업유형,체험유형,초등학교대상여부,중학교대상여부,고등학교대상여부,위도,경도,체험인원,유무료구분,유료금액,체험시간,대면비대면구분,안전도,교육기부인증기관여부,체험지역명,체험진행장소
1000,업사이클링 제스모나이트로 완성하는 공간 오브제,스페이스민,개인사업장,제품 디자이너,직업실무체험형,Y,Y,Y,37.2758569444677,127.151277088807,20,유료,30000.0,2.0,79001,,,경기 용인시,학교
999,한성대학교 학술정보관에서 대학도서관 사서 체험해보기,한성대 학술정보관,학교/대학교,학예사·사서·기록물관리사,현장직업체험형,,Y,Y,37.58257503113074,127.01074404764512,15,무료,,2.0,79001,,,서울 성북구,체험처
998,캔버스 아크릴화 그림 그리기,아트리유 미술학원,개인사업장,시각 디자이너,직업실무체험형,Y,Y,Y,37.6106958004184,127.060517642829,6,유료,30000.0,60.0,79001,,,서울 성북구,체험처
997,자이언트플라워 아티스트 & 공간연출가 진로체험,스페이스민,개인사업장,실내장식 디자이너,직업실무체험형,,Y,Y,37.2758569444677,127.151277088807,20,유료,30000.0,2.0,79001,,,경기 용인시,학교
996,"[의료+생명윤리] 1분 안에 결정하라, 누구를 먼저 살릴까?: 트리아지로 배우는 응급의학",바로교육연구소,민간기업,응급구조사,직업실무체험형,,Y,Y,35.1641188069357,126.860692576666,30,유료,20000.0,4.0,79001,,,광주 서구,학교
995,"[환경+데이터] 2050년, 우리 도시는 살아남을까?: 기후 데이터로 그리는 미래 생존 설계",바로교육연구소,민간기업,환경공학일반,직업실무체험형,,Y,Y,35.1641188069357,126.860692576666,30,유료,20000.0,4.0,79001,,,광주 서구,학교
994,[국제이해+협상] 내가 한 나라의 대표라면?: 모의 UN 세계시민 프로젝트,바로교육연구소,민간기업,외교사/외교학사,직업실무체험형,,Y,Y,35.1641188069357,126.860692576666,30,유료,20000.0,4.0,79001,,,광주 서구,학교
993,[인문+비판적사고] 정답 없는 질문에 맞서는 법: 하브루타로 기르는 생각의 근육,바로교육연구소,민간기업,인문학,직업실무체험형,,Y,Y,35.1641188069357,126.860692576666,30,유료,20000.0,4.0,79001,,,광주 서구,학교
992,[공학+사회혁신] 30만 원으로 세상을 구할 수 있을까?: 적정기술 발명 프로젝트,바로교육연구소,민간기업,공학,직업실무체험형,,Y,Y,35.1641188069357,126.860692576666,30,유료,25000.0,4.0,79001,,,광주 서구,학교
991,[심리+상담] 말 안 해도 네 마음이 보여?: 심리검사·프로파일링으로 떠나는 마음 탐험,바로교육연구소,민간기업,사회복지사 및 상담사,직업실무체험형,,Y,Y,35.1641188069357,126.860692576666,30,유료,20000.0,4.0,79001,,,광주 서구,학교
990,"[리더십+의사결정] 무인도에 떨어진 우리 팀, 살아남을까?: 생존 시뮬레이션 리더십",바로교육연구소,민간기업,경영학,직업실무체험형,,Y,Y,35.1641188069357,126.860692576666,30,유료,20000.0,4.0,79001,,,광주 서구,학교
989,[기업가정신+회복탄력성] 잘 넘어지는 법을 배웁니다: 실패 이력서로 시작하는 진짜 도전,바로교육연구소,민간기업,창업/벤처기업,직업실무체험형,,Y,Y,35.16407124897653,126.86206117855345,30,유료,20000.0,4.0,79001,,,광주 서구,학교
988,"'너에게 꽃을 선물할께' 프리저브드 플라워, 플로리스트 체험",스페이스민,개인사업장,실내장식 디자이너,직업실무체험형,Y,Y,Y,37.2758569444677,127.151277088807,20,유료,25000.0,2.0,79001,,,경기 용인시,학교
987,"파티를 기획하는 사람들, 파티플래너",스페이스민,개인사업장,컨벤션/이벤트산업,직업실무체험형,Y,Y,Y,37.2758569444677,127.151277088807,20,유료,20000.0,2.0,79001,,,경기 용인시,체험처
986,차(茶)로 만나는 진로체험 -보이차와 차문화이야기,지유명차 (군산장항점),개인사업장,미용·여행·숙박·음식·경비·청소직,현장직업체험형,Y,Y,Y,36.0148831077205,126.705047320981,5,유료,15000.0,2.0,79001,,,충남 서천군,학교
985,송산포도팜스토리 진로체험,송산포도팜스토리,개인사업장,과수작물 재배원,현장견학형,Y,Y,Y,37.22102956164044,126.7336103463904,10,유료,300000.0,1.0,79001,,,경기 화성시,체험처
984,[자기주도학습+뇌과학] 공부했는데 왜 다 까먹지?: 뇌과학으로 설계하는 나만의 공부 전략,바로교육연구소,민간기업,학습심리,직업실무체험형,,Y,Y,35.164016604197954,126.8615673391934,30,유료,20000.0,4.0,79001,,,광주 서구,학교
983,"무궁화 만들기- 플라워디자이너,공예가 체험",스페이스민,개인사업장,공예,직업실무체험형,Y,Y,Y,37.2758569444677,127.151277088807,20,유료,15000.0,2.0,79001,,,경기 용인시,학교
982,현장직업체험 꿈찾기 - 목공예가(아르보공방),아르보공방,개인사업장,제품 디자이너,현장직업체험형,Y,Y,Y,35.6293557194596,129.355334630637,20,무료,,2.0,79001,,,울산 북구,체험처
981,사각 휴지 케이스,LEE한지갤러리,개인사업장,제품 디자이너,현장직업체험형,,Y,,36.72571239024519,129.2237974397329,20,무료,,2.0,79001,,,경북 영양군,체험처
980,2단 서랍장 만들기,LEE한지갤러리,개인사업장,제품 디자이너,현장직업체험형,Y,,,36.72564014566835,129.22380654767252,20,무료,,2.0,79001,,,경북 영양군,체험처
979,2026학년도 농산어촌 6차산업 진로탐색 프로그램(고등학교),국립순천대학교,학교/대학교,기타,현장직업체험형,,,Y,34.9668096819807,127.480810228505,30,무료,,3.0,79001,,62001.0,전남 순천시,학교
978,충북아쿠아리움 현장견학 및 체험운영 프로그램,충북아쿠아리움,공공기관/공기업,어업 종사자,현장견학형,Y,Y,Y,36.80778328072496,127.81833478293252,50,무료,,5.0,79001,,62001.0,충북 괴산군,체험처
977,"시들지 않는 꽃, 프리저브드",두림플라워,개인사업장,기타,직업실무체험형,Y,Y,Y,36.8446487977106,127.445557382514,30,유료,25000.0,2.0,79001,,,충북 진천군,학교
976,2026학년도 농산어촌 6차산업 진로탐색 프로그램(중학교),국립순천대학교,학교/대학교,기타,강연형,,Y,,34.9668096819807,127.480810228505,15,무료,,3.0,79001,,62001.0,전남 순천시,학교
975,환경원예직업체험_반려식물 테라리움 만들기,스페이스민,개인사업장,실내장식 디자이너,직업실무체험형,Y,Y,Y,37.2758569444677,127.151277088807,20,유료,25000.0,2.0,79001,,,경기 용인시,학교
974,학교로 찾아가는 인성교육 프로그램(한림초등학교),김해시청소년센터,청소년/시민단체,기타,강연형,Y,,,35.32400694712735,128.7986545539856,60,무료,,2.0,79001,,62001.0,경남 김해시,체험처
973,학교로 찾아가는 인성교육 프로그램(주촌초등학교),김해시청소년센터,청소년/시민단체,기타,강연형,Y,,,35.23294986670014,128.83856645011377,140,무료,,3.0,79001,,62001.0,경남 김해시,체험처
972,학교로 찾아가는 인성교육 프로그램(김해외동초등학교),김해시청소년센터,청소년/시민단체,청소년 지도사,강연형,Y,,,35.232906898717175,128.85819319711172,204,무료,,2.0,79001,,62001.0,경남 김해시,체험처
971,학교로 찾아가는 인성교육 프로그램(김해활천초등학교),김해시청소년센터,청소년/시민단체,기타,강연형,Y,,,35.23232360086865,128.91866575036534,420,무료,,2.0,79001,,62001.0,경남 김해시,학교
970,(곤충) Bee의 Lab소디,국립청소년생태센터,공공기관/공기업,자연과학 연구원 및 시험원,직업실무체험형,,Y,,35.11261665428992,128.948745285593,30,유료,23000.0,2.0,79001,,62001.0,부산 사하구,체험처
969,[학교방문형] 원목 동물조각 키링 만들기 클래스,나담 나무공방,민간기업,목제품 제조원,직업실무체험형,Y,Y,Y,37.2061033746786,127.07245869368,5,유료,12000.0,2.0,79001,,62001.0,경기 화성시,학교
968,제과제빵 (마들렌만들기),I CAKE U,개인사업장,기타 조리사,현장직업체험형,Y,Y,,37.6065361701432,127.029010983176,12,유료,20000.0,2.0,79001,,,서울 성북구,체험처
967,뷰티프로그램-왁서 미용 직업 체험,미우아카데미(라인아카데미미용학원),개인사업장,기타 미용 서비스원,현장직업체험형,Y,Y,Y,35.20260456246632,128.57297218282403,10,유료,20000.0,2.0,79001,,62001.0,경남 창원시,체험처
966,뷰티프로그램-메이크업아티스트 미용 직업 체험,미우아카데미(라인아카데미미용학원),개인사업장,메이크업 아티스트 및 분장사,현장직업체험형,Y,Y,Y,35.20264975572828,128.57296207437264,10,유료,20000.0,2.0,79001,,62001.0,경남 창원시,체험처
965,뷰티프로그램-특수분장사 미용 직업 체험,미우아카데미(라인아카데미미용학원),개인사업장,메이크업 아티스트 및 분장사,현장직업체험형,Y,Y,Y,35.202631735475975,128.57296172682976,10,유료,20000.0,2.0,79001,,62001.0,경남 창원시,체험처
964,뷰티프로그램-뷰티아티스트 미용 직업 체험,미우아카데미(라인아카데미미용학원),개인사업장,메이크업 아티스트 및 분장사,현장직업체험형,Y,Y,Y,35.2026410308617,128.57293994597512,10,유료,20000.0,2.0,79001,,62001.0,경남 창원시,체험처
963,뷰티프로그램-피부관리사 미용 직업 체험,미우아카데미(라인아카데미미용학원),개인사업장,메이크업 아티스트 및 분장사,현장직업체험형,Y,Y,Y,35.202622867979976,128.57295057574785,10,유료,20000.0,2.0,79001,,62001.0,경남 창원시,체험처
962,계절을 담은 플로리스트 체험 및 플라워클래스,화랑채,개인사업장,기타,현장직업체험형,Y,Y,Y,35.1657378900756,129.13239129631626,20,유료,35000.0,2.0,79001,,,부산 해운대구,체험처
961,허브 솔트 만들기,농업회사법인 제론팜주식회사,민간기업,주방장 및 요리 연구가,현장직업체험형,,,Y,34.5933857449084,126.803189566019,20,유료,30000.0,3.0,79001,,62001.0,전남 강진군,체험처
960,허브 생초에이드 만들기,농업회사법인 제론팜주식회사,민간기업,음료 조리사,현장직업체험형,Y,Y,Y,34.5933857449084,126.803189566019,25,유료,20000.0,1.0,79001,,62001.0,전남 강진군,체험처
959,로즈마리 허브 생화 리스만들기,농업회사법인 제론팜주식회사,민간기업,공예원,현장직업체험형,Y,Y,Y,34.5933857449084,126.803189566019,20,유료,30000.0,2.0,79001,,62001.0,전남 강진군,체험처
958,지구를 살리는 흙공 만들기,농업회사법인 제론팜주식회사,민간기업,자연과학 연구원,현장직업체험형,Y,Y,Y,34.5933857449084,126.803189566019,30,유료,30000.0,2.0,79001,,62001.0,전남 강진군,체험처
957,허브 삽목 화분 만들기,농업회사법인 제론팜주식회사,민간기업,원예작물 재배원,현장직업체험형,Y,Y,Y,34.5933857449084,126.803189566019,25,유료,15000.0,1.0,79001,,62001.0,전남 강진군,체험처
956,유스아트케이션(고성중학교 연계),고성진로교육지원센터,공공기관/공기업,소프트웨어 개발자,직업실무체험형,,Y,,34.97857403795117,128.30589062029406,75,무료,,3.0,79001,,,경남 고성군,학교
955,[생태전환교육]와글와글생태계마을,영암곤충박물관,민간기업,환경교육학,현장직업체험형,Y,Y,,34.79088455369961,126.68539105475644,120,유료,79000.0,2.0,79001,,62001.0,전남 영암군,학교
954,허브 스머지스틱 만들기,농업회사법인 제론팜주식회사,민간기업,공예원,현장직업체험형,Y,Y,Y,34.5933857449084,126.803189566019,25,유료,20000.0,1.0,79001,,62001.0,전남 강진군,체험처
953,연극관람을 통한 진로체험학습[염쟁이유씨/남사친여사진/노맨틱코미디/슈만],소명(소명아트홀),개인사업장,공연·영화 및 음반 기획자,현장견학형,Y,Y,Y,36.6396572623075,127.488903310341,200,유료,20000.0,2.0,79001,,62001.0,충북 청주시,체험처
952,유기농 허브 식초 만들기,농업회사법인 제론팜주식회사,민간기업,원예작물 재배원,현장직업체험형,Y,Y,Y,34.5933857449084,126.803189566019,25,유료,20000.0,2.0,79001,,62001.0,전남 강진군,체험처
951,3D프린터로 출력한 키캡 꾸미기,솜씨정원 부산디지털공예교육센터,개인사업장,금속·재료공학 기술자 및 연구원,직업실무체험형,Y,Y,Y,35.0747089294895,129.066868152343,30,유료,13000.0,2.0,79001,,,부산 영도구,학교
950,찾아가는 사회복지사 진로탐색 및 노인유사체험,대구북부노인보호전문기관,민간기업,사회복지사,강연형,Y,Y,Y,35.886656944862594,128.5754718863328,50,무료,,1.0,79001,,62001.0,대구 서구,체험처
949,레스토랑 대표로부터 듣는 창업 & 성공 노하우,EXPER2(익스퍼2),개인사업장,주방장 및 요리 연구가,직업실무체험형,,Y,Y,37.56911380455862,126.82683583562402,30,유료,15000.0,1.0,79001,,62001.0,서울 강서구,학교
948,호텔리어와 함께하는 서비스 특강,EXPER2(익스퍼2),개인사업장,숙박시설 서비스원,현장직업체험형,,Y,Y,37.56911380455862,126.82683583562402,30,유료,15000.0,1.0,79001,,62001.0,서울 강서구,학교
947,전문 바텐더처럼 칵테일 제조!,EXPER2(익스퍼2),개인사업장,바텐더,현장직업체험형,,Y,Y,37.56911380455862,126.82683583562402,30,유료,15000.0,1.0,79001,,62001.0,서울 강서구,체험처
946,서울시 글로벌 창업 페스티벌,서울경제진흥원,공공기관/공기업,창업/벤처기업,현장견학형,Y,Y,Y,37.567114038819966,127.00987025584344,2000,무료,,4.0,79001,,,서울 동대문구,체험처
945,"토탈공예 체험(칠보,가죽,천연염색 등)",희문화창작공간,개인사업장,공예원,현장직업체험형,,Y,,34.8002562010896,126.6977202351246,20,유료,25000.0,3.0,79001,,62001.0,전남 영암군,체험처
944,왕인의 숨결을 찾아서(한지공예 체험) - 출강가능,희문화창작공간,개인사업장,공예원,현장직업체험형,,Y,,34.80068275787989,126.69888795654788,20,유료,25000.0,3.0,79001,,62001.0,전남 영암군,체험처
943,도시농업관리사 직업체험,스페이스민,개인사업장,원예작물 재배원,직업실무체험형,Y,Y,Y,37.2758569444677,127.151277088807,20,유료,25000.0,2.0,79001,,,경기 용인시,학교
942,[찾아가는 진로 콘서트 - 숨은 음악 재능 찾기],매니웨어(MANYWHERE),개인사업장,가수 및 성악가,직업실무체험형,Y,Y,Y,37.0280194364069,127.28900313398,100,유료,10000.0,1.0,79001,,,경기 안성시,학교
941,바리스타 챔피언과 함께하는 바리스타 체험,EXPER2(익스퍼2),개인사업장,음료 조리사,현장직업체험형,,Y,Y,37.56911380455862,126.82683583562402,30,유료,15000.0,1.0,79001,,62001.0,서울 강서구,체험처
940,환경 업사이클링 디자이너｜수제종이 만들기 진로체험,스페이스민,개인사업장,시각 디자이너,직업실무체험형,Y,Y,Y,37.2758569444677,127.151277088807,15,유료,25000.0,2.0,79001,,,경기 용인시,학교
939,나를 닮은 배나무 친구 찾기,신성 배마을,개인사업장,과수작물 재배원,현장견학형,Y,,,36.9945265646255,127.179092245807,20,유료,15000.0,2.0,79001,,,경기 안성시,체험처
938,나만의 수제도장 새기기,아트.애현,개인사업장,작가,직업실무체험형,Y,Y,Y,36.1373343282481,127.509284984354,15,유료,17000.0,2.0,79001,,62001.0,충남 금산군,학교
937,꿀벌과 함께하는 양봉가 진로체험,이레농장꿀단지,개인사업장,기타 사육 종사원,현장견학형,Y,Y,Y,36.462153781921245,128.1002070021339,20,유료,20000.0,2.0,79001,,,경북 상주시,체험처
936,<죽여주는이야기>연극관람을 통한 진로체험학습,소명(소명아트홀),개인사업장,연극·영화·방송 전문가,현장견학형,Y,Y,Y,36.6396572623075,127.488903310341,200,유료,20000.0,2.0,79001,,62001.0,충북 청주시,체험처
935,드론축구,미래모빌리티전문교육원,민간기업,기타,강연형,Y,Y,Y,36.2573782903141,126.920299932179,20,유료,30000.0,3.0,79001,,,충남 부여군,체험처
934,2026 한국공학대학교 SW·AI 비전캠프 「미래를 여는 SW·AI」,프로브,민간기업,소프트웨어 개발자,캠프형,,Y,Y,37.3398410901056,126.73395865404942,120,무료,,6.0,79001,,,경기 시흥시,학교
933,항공(드론)측량전문가,미래모빌리티전문교육원,민간기업,기타,강연형,Y,Y,Y,36.2573782903141,126.920299932179,15,유료,30000.0,3.0,79001,,,충남 부여군,체험처
932,전통문양 금속풍경 만들기,진천종박물관,공공기관/공기업,학예사 및 문화재 보존원,현장직업체험형,Y,Y,Y,36.87070344933397,127.41372829852196,50,유료,25000.0,2.0,79001,,,충북 진천군,체험처
931,나는 가구 디자이너가 될거야~~,(주) 나무향기,민간기업,목제품 제조원,직업실무체험형,Y,Y,Y,36.86037288001303,127.44478002023423,50,유료,25000.0,2.0,79001,,,충북 진천군,학교
930,네일아트 체험,너의 네일.은,개인사업장,기타 미용 서비스원,직업실무체험형,,Y,Y,36.855378991826,127.435536085976,25,유료,25000.0,2.0,79001,,62001.0,충북 진천군,학교
929,플로리스트의 작업실-리스 디자인 체험,스페이스민,개인사업장,실내장식 디자이너,직업실무체험형,Y,Y,Y,37.2758569444677,127.151277088807,20,유료,35000.0,1.0,79001,,,경기 용인시,학교
928,레진 워리스톤,피치팡팡 공방,개인사업장,소규모 상점 경영 및 일선 관리 종사자,직업실무체험형,Y,,,36.6462399067515,127.474937035463,20,유료,30000.0,2.0,79001,,,충북 청주시,학교
927,힐링해피데이,플로레스따,개인사업장,화훼원예,학과체험형,Y,Y,,36.590197613683,127.904962117127,10,유료,40000.0,2.0,79001,,,경북 상주시,학교
926,[찾아가는](직업체험) 쇼콜라티에 ★전국★,재능개발연구소,민간기업,주방장 및 요리 연구가,직업실무체험형,Y,Y,Y,35.2011363617359,126.900303235609,20,유료,20000.0,2.0,79001,,62001.0,광주 북구,학교
925,[찾아가는] 푸드크리에이터  – SNS 디저트 만들기★전국★,재능개발연구소,민간기업,주방장 및 요리 연구가,직업실무체험형,Y,Y,Y,35.2011363617359,126.900303235609,20,유료,12000.0,2.0,79001,,62001.0,광주 북구,학교
924,[찾아가는](직업체험)푸드스타일리스트 – 식빵 카나페 만들기 ★전국★,재능개발연구소,민간기업,주방장 및 요리 연구가,직업실무체험형,Y,Y,Y,35.2011363617359,126.900303235609,20,유료,12000.0,2.0,79001,,62001.0,광주 북구,체험처
923,문미러 아트,주식회사 치른시빌,민간기업,작가,직업실무체험형,Y,Y,Y,35.1501315453104,126.919984529801,20,유료,45000.0,1.0,79001,,,광주 동구,체험처
922,클레이 거울,주식회사 치른시빌,민간기업,작가,직업실무체험형,Y,Y,Y,35.1501315453104,126.919984529801,20,유료,40000.0,1.0,79001,,,광주 동구,체험처
921,수채화,주식회사 치른시빌,민간기업,작가,직업실무체험형,Y,Y,Y,35.1501315453104,126.919984529801,20,유료,15000.0,1.0,79001,,,광주 동구,체험처
920,식용 텍스처 케이크,주식회사 치른시빌,민간기업,작가,직업실무체험형,Y,Y,Y,35.1501315453104,126.919984529801,20,유료,38000.0,1.5,79001,,,광주 동구,체험처
919,아이패드 굿즈제작,주식회사 치른시빌,민간기업,작가,직업실무체험형,Y,Y,Y,35.1501315453104,126.919984529801,20,유료,38000.0,2.0,79001,,,광주 동구,체험처
918,별자리액자,주식회사 치른시빌,민간기업,작가,직업실무체험형,Y,Y,Y,35.1501315453104,126.919984529801,20,유료,70000.0,2.0,79001,,,광주 동구,체험처
917,힙팟,주식회사 치른시빌,민간기업,작가,직업실무체험형,Y,Y,Y,35.1501315453104,126.919984529801,20,유료,38000.0,2.0,79001,,,광주 동구,체험처
916,[찾아가는] ESG 화장품연구원 – 천연비누 개발하기 ★전국★,재능개발연구소,민간기업,자연과학 연구원,직업실무체험형,Y,Y,Y,35.2011363617359,126.900303235609,20,유료,20000.0,2.0,79001,,62001.0,광주 북구,학교
915,[캘리그라피]실링왁스를 이용한 플라워 액자 만들기,예쁜캘리&예쁜피오피,개인사업장,문리·어학 강사,현장직업체험형,Y,Y,Y,36.19554767830471,127.08957580650252,30,유료,25000.0,2.0,79001,,62001.0,충남 논산시,학교
914,[찾아가는] ESG 화장품연구원 – 친환경 화장품 개발하기 ★전국★,재능개발연구소,민간기업,자연과학 연구원,직업실무체험형,Y,Y,Y,35.2011363617359,126.900303235609,20,유료,25000.0,2.0,79001,,62001.0,광주 북구,학교
913,유화 구상화,주식회사 치른시빌,민간기업,작가,직업실무체험형,Y,Y,Y,35.1501315453104,126.919984529801,20,유료,20000.0,1.0,79001,,,광주 동구,체험처
912,[찾아가는] (조향사) AI기반_나만의 디퓨저 만들기 ★전국★,재능개발연구소,민간기업,기타 미용 서비스원,직업실무체험형,Y,Y,Y,35.2011363617359,126.900303235609,20,유료,30000.0,2.0,79001,,62001.0,광주 북구,학교
911,피자시계,주식회사 치른시빌,민간기업,작가,직업실무체험형,Y,Y,Y,35.1501315453104,126.919984529801,20,유료,35000.0,2.0,79001,,,광주 동구,체험처
910,패브릭 북커버,주식회사 치른시빌,민간기업,작가,직업실무체험형,Y,Y,Y,35.1501315453104,126.919984529801,20,유료,38000.0,1.0,79001,,,광주 동구,체험처
909,[찾아가는] (조향사) AI기반_나만의 K-퍼퓸 만들기 ★전국★,재능개발연구소,민간기업,기타 미용 서비스원,직업실무체험형,Y,Y,Y,35.2011363617359,126.900303235609,20,유료,30000.0,2.0,79001,,62001.0,광주 북구,학교
908,모루 인형 키링,주식회사 치른시빌,민간기업,작가,직업실무체험형,Y,Y,Y,35.1501315453104,126.919984529801,20,유료,30000.0,1.0,79001,,,광주 동구,체험처
907,오일파스텔,주식회사 치른시빌,민간기업,작가,직업실무체험형,Y,Y,Y,35.1501315453104,126.919984529801,20,유료,20000.0,1.0,79001,,,광주 동구,체험처
906,패브릭 캘린더,주식회사 치른시빌,민간기업,작가,직업실무체험형,Y,Y,Y,35.1501315453104,126.919984529801,20,유료,20000.0,1.0,79001,,,광주 동구,체험처
905,석고모빌,주식회사 치른시빌,민간기업,작가,직업실무체험형,Y,,,35.1501315453104,126.919984529801,20,유료,25000.0,1.0,79001,,,광주 동구,체험처
904,[업사이클링 공예] 발포세라믹 도우아트 오브제 만들기(친환경공예),러브잇아뜰리에,개인사업장,공예,강연형,Y,,,34.6831114882031,126.91352498033,10,유료,20000.0,2.0,79001,,,전남 장흥군,학교
903,백드롭 페인팅,주식회사 치른시빌,민간기업,작가,직업실무체험형,Y,Y,Y,35.1501315453104,126.919984529801,20,유료,15000.0,1.0,79001,,,광주 동구,체험처
902,크림 클레이 케이크,주식회사 치른시빌,민간기업,작가,직업실무체험형,Y,Y,Y,35.1501315453104,126.919984529801,20,유료,40000.0,2.0,79001,,,광주 동구,체험처
901,친환경 에코 레진을 활용한 나만의 인테리어 오브제 만들기,유니레진,개인사업장,기타,현장직업체험형,Y,Y,Y,37.592722716646,126.919246903907,6,유료,38000.0,2.0,79001,,,서울 은평구,체험처
900,[진로체험] 하바리움 공예 및 플로리스트 작가 체험,유니레진,개인사업장,기타,현장직업체험형,Y,Y,Y,37.592722716646,126.919246903907,6,유료,50000.0,2.0,79001,,,서울 은평구,체험처
899,투명한 감성을 담는 UV 레진아트 & 공예 디자이너 진로 탐색,유니레진,개인사업장,기타,현장직업체험형,Y,Y,Y,37.592722716646,126.919246903907,6,유료,30000.0,2.0,79001,,,서울 은평구,체험처
898,전통온돌체험,온돌연구소농업회사법인주식회사,민간기업,기타,현장직업체험형,Y,Y,,36.8750442086219,127.380756698777,50,유료,25000.0,2.0,79001,,,충북 진천군,체험처
897,인권과 슬기로운 생활,인권교육공동체 숲,청소년/시민단체,기타,강연형,Y,Y,Y,36.3364613374679,127.392819518835,30,유료,5000.0,1.0,79001,,,대전 서구,체험처
896,텍스처 페인팅,주식회사 치른시빌,민간기업,작가,직업실무체험형,Y,Y,Y,35.1501315453104,126.919984529801,20,유료,15000.0,1.0,79001,,,광주 동구,학교
895,플루이드 아트,주식회사 치른시빌,민간기업,작가,직업실무체험형,Y,Y,Y,35.1501315453104,126.919984529801,20,유료,20000.0,1.0,79001,,,광주 동구,체험처
894,플루이드비치,주식회사 치른시빌,민간기업,작가,직업실무체험형,Y,Y,Y,35.1501315453104,126.919984529801,20,유료,25000.0,1.0,79001,,,광주 동구,체험처
893,오브제 커스텀,주식회사 치른시빌,민간기업,작가,직업실무체험형,Y,Y,Y,35.1501315453104,126.919984529801,20,유료,35000.0,2.0,79001,,,광주 북구,학교
892,한국화학연구원 방문견학 프로그램,한국화학연구원(대전본원),공공기관/공기업,자연과학 연구원,현장견학형,,Y,Y,36.38568064488504,127.35859894462496,40,무료,,2.0,79001,,,대전 유성구,체험처
891,액션오브제,주식회사 치른시빌,민간기업,작가,직업실무체험형,Y,Y,Y,35.1501315453104,126.919984529801,20,유료,33000.0,1.0,79001,,,광주 동구,체험처
890,액션페인팅,주식회사 치른시빌,민간기업,작가,직업실무체험형,Y,Y,Y,35.149016338246355,126.91964651711292,20,유료,38000.0,1.0,79001,,,광주 북구,체험처
889,피지컬 AI 재난대응센터 – 미래기술 융합 프로젝트 진로체험,드림에듀(유),민간기업,인공지능/전문가시스템응용,캠프형,Y,Y,,35.8187213062947,127.104470417636,100,유료,50000.0,12.0,79001,,62001.0,전북 전주시,학교
888,[전남광주]생체인식전문가 진로체험 (생체인식로봇 제작 체험),재능개발연구소,민간기업,로봇공학 기술자 및 연구원,직업실무체험형,Y,Y,,35.2011358209255,126.90030323627,20,유료,14000.0,2.0,79001,,62001.0,광주 북구,학교
887,[전남광주]로봇제어엔지니어 진로체험 (원격조종 로봇 제작 체험),재능개발연구소,민간기업,로봇공학 기술자 및 연구원,직업실무체험형,Y,Y,Y,35.2011358209255,126.90030323627,20,유료,24000.0,2.0,79001,,62001.0,광주 북구,학교
886,[전남광주] IoT전문가 진로체험 (블루투스 스피커 제작 체험),재능개발연구소,민간기업,통신공학 기술자 및 연구원,직업실무체험형,Y,Y,,35.2011358209255,126.90030323627,20,유료,13000.0,2.0,79001,,62001.0,광주 북구,학교
885,진로특강과 함께하는 도자기체험(머그컵그리기),(유)위시아트랩,민간기업,시각 디자이너,현장직업체험형,Y,Y,Y,35.82948040716349,127.02387187111118,10,유료,30000.0,2.0,79001,,,전북 완주군,학교
884,진로특강과 함께하는 도자기체험(흙으로 빚어 만드는 접시),(유)위시아트랩,민간기업,시각 디자이너,현장직업체험형,Y,Y,Y,35.82831769262805,127.0243197364628,6,유료,40000.0,2.0,79001,,,전북 완주군,체험처
883,[찾아가는](직업체험) 디저트메뉴개발자 프로젝트 – 퓨전디저트 만들기 ★전국★,재능개발연구소,민간기업,주방장 및 요리 연구가,직업실무체험형,Y,Y,Y,35.2011363617359,126.900303235609,20,유료,12000.0,2.0,79001,,62001.0,광주 북구,학교
882,[찾아가는](직업체험) 푸드테라피스트 프로젝트 – 감정 컵케이크 만들기 ★전국★,재능개발연구소,민간기업,주방장 및 요리 연구가,직업실무체험형,Y,Y,Y,35.2011363617359,126.900303235609,20,유료,13000.0,2.0,79001,,62001.0,광주 북구,학교
881,푸어링 오브제,주식회사 치른시빌,민간기업,작가,직업실무체험형,Y,Y,Y,35.1501315453104,126.919984529801,20,유료,33000.0,1.0,79001,,,광주 동구,체험처
880,[전남광주](스타트업 캠프) 디자인씽킹 문제 해결 프로젝트 – 창의적 사고로 배우는 창업 체험,재능개발연구소,민간기업,상품 기획자,캠프형,Y,Y,Y,35.2011358209255,126.90030323627,1,유료,28000.0,4.0,79001,,62001.0,광주 북구,학교
879,[전남광주]드론 활용 직업 진로체험(드론 제작 체험),재능개발연구소,민간기업,기계공학 기술자 및 연구원,직업실무체험형,Y,Y,,35.20113195247676,126.90031213581274,20,유료,13000.0,2.0,79001,,62001.0,광주 북구,학교
878,[찾아가는](직업체험) 식품공학자 프로젝트 – 과자집 만들기 ★전국★,재능개발연구소,민간기업,주방장 및 요리 연구가,직업실무체험형,Y,Y,Y,35.2011363617359,126.900303235609,20,유료,15000.0,2.0,79001,,62001.0,광주 북구,학교
877,AI 아이온 코딩,드림에듀(유),민간기업,기타,직업실무체험형,Y,Y,,35.8187213062947,127.104470417636,30,유료,20000.0,2.0,79001,,62001.0,전북 전주시,학교
876,진로특강과 함께하는 도자기체험,(유)위시아트랩,민간기업,시각 디자이너,현장직업체험형,Y,Y,Y,35.82834021402909,127.02436954485528,15,유료,30000.0,2.0,79001,,,전북 완주군,체험처
875,[찾아가는](직업체험) 전통음식연구가 프로젝트 – 떡 만들기 ★전국★,재능개발연구소,민간기업,주방장 및 요리 연구가,직업실무체험형,Y,Y,Y,35.2011363617359,126.900303235609,20,유료,12000.0,2.0,79001,,62001.0,광주 북구,학교
874,나만의  향기제품 만들기,향수공방 혜이제이,개인사업장,화학공학 기술자 및 연구원,현장직업체험형,,Y,Y,37.2700626308403,127.152537932422,10,유료,25000.0,1.0,79001,,,경기 용인시,체험처
873,[찾아가는](직업체험) 전통식품개발자 프로젝트– 전통 디저트 만들기★전국★,재능개발연구소,민간기업,주방장 및 요리 연구가,직업실무체험형,Y,Y,Y,35.2011363617359,126.900303235609,20,유료,12000.0,2.0,79001,,62001.0,광주 북구,학교
872,[찾아가는](직업체험) 디저트연구가 프로젝트 – 화과자 만들기 ★전국★,재능개발연구소,민간기업,주방장 및 요리 연구가,직업실무체험형,Y,Y,Y,35.2011363617359,126.900303235609,20,유료,15000.0,2.0,79001,,62001.0,광주 북구,학교
871,AI치트키 발동!  내가만든 갓-게임 & 로봇정복!,은평문화예술정보학교,학교/대학교,실시간시스템,학과체험형,,,Y,37.58957561157155,126.9192026364734,16,무료,,3.0,79001,,,서울 은평구,학교
870,"빅히스토리, 성북의 과거를 배우고, 현재를 읽고, 녹색미래 성북을 이야기해요",성북탄소중립배움터,공공기관/공기업,기타,현장견학형,Y,,,37.6082028610603,127.009371592784,20,무료,,15.0,79001,,,서울 성북구,체험처
869,플랜테리어 디자이너 체험,스페이스민,개인사업장,실내장식 디자이너,직업실무체험형,Y,Y,Y,37.2758569444677,127.151277088807,30,유료,25000.0,1.0,79001,,,경기 용인시,학교
868,아이야!! 함께 놀자!!  AI !!   Let’s Play !!,교육앤미디어,민간기업,연극·영화·방송 전문가,캠프형,Y,,,36.10890482203103,127.48798369699992,10,유료,20000.0,4.0,79001,,62002.0,충남 금산군,학교
867,[찾아가는](직업체험) 영양사체험 – 감자샐러드 ★전국★,재능개발연구소,민간기업,주방장 및 요리 연구가,직업실무체험형,Y,Y,Y,35.2011363617359,126.900303235609,20,유료,12000.0,2.0,79001,,62001.0,광주 북구,학교
866,[찾아가는](직업체험) 파티시에 프로젝트 – 케이크 또는 도넛 ★전국★,재능개발연구소,민간기업,주방장 및 요리 연구가,직업실무체험형,Y,Y,Y,35.2011363617359,126.900303235609,20,유료,16000.0,2.0,79001,,62001.0,광주 북구,학교
865,보성말차를 이용한 말차바람떡,시리떡공방,개인사업장,주방장 및 요리 연구가,현장직업체험형,Y,,,34.7651334651822,127.077572096695,6,유료,20000.0,2.0,79001,,,전남 보성군,체험처
864,피지컬100 (내안에 숨겨진 운동세포를 깨워라!,은평문화예술정보학교,학교/대학교,사회/생활체육,학과체험형,,,Y,37.589521598562754,126.91927062980378,16,무료,,3.0,79001,,,서울 은평구,학교
863,나도 인테리어 전문가! AI와의 만남,은평문화예술정보학교,학교/대학교,건축사,학과체험형,,,Y,37.58954859732441,126.9192253106648,16,무료,,3.0,79001,,,서울 은평구,학교
862,"나도 유투버! 재밌는 릴스 쇼폼,제작하기",은평문화예술정보학교,학교/대학교,영상매체/매체기술,학과체험형,,,Y,37.58932331068312,126.91916894182856,16,무료,,3.0,79001,,,서울 은평구,학교
861,진로/진학/학습 캠프(2차시/3차시/4차시/5차시/6차시),주식회사 바론(진천),민간기업,기타,캠프형,Y,Y,Y,36.6031928566342,127.461043747872,500,유료,10000.0,2.0,79001,,,충북 진천군,학교
860,AICE자격증대비반 (인공지능관련),(주)와이즈교육 해운대총국,민간기업,기타 컴퓨터 전문가 및 소프트웨어 전문가,직업실무체험형,Y,,,35.1688687822426,129.183263901412,50,유료,15000.0,20.0,79003,,62002.0,부산 해운대구,체험처
859,"KT인공지능코딩, 드론, 3D프린터, 로봇, 4차 산업혁명시대의 진로코칭 프로그램.",(주)와이즈교육 해운대총국,민간기업,기타,직업실무체험형,Y,Y,Y,35.163084878858385,129.1635855930167,30,유료,15000.0,2.0,79001,,62002.0,부산 해운대구,체험처
858,찾아가는 직업체험 내 꿈은 도예가! (도자기 만들기),조이에듀,개인사업장,도예,직업실무체험형,Y,Y,Y,37.6389511878959,127.124442243793,1000,유료,28000.0,2.0,79001,,,경기 구리시,학교
857,마크라메 서양매듭 공예 (공예 디자이너 진로체험),베라 아뜰리에,개인사업장,제품 디자이너,직업실무체험형,Y,Y,Y,37.6228988745874,126.918129207068,25,유료,18000.0,2.0,79001,,,서울 은평구,학교
856,퍼스널컬러 컨설턴트 직업체험,휴담 대전유성지부,개인사업장,문화·예술 기획자 및 매니저,직업실무체험형,Y,Y,Y,36.3723565866961,127.338638613429,15,유료,10000.0,2.0,79001,,,대전 유성구,학교
855,헤어스타일리스트 직업체험,휴담 대전유성지부,개인사업장,미용사,직업실무체험형,Y,Y,Y,36.3723565866961,127.338638613429,18,유료,10000.0,2.0,79001,,,대전 유성구,학교
854,색채 전문가(컬러 리스트) 직업 체험,휴담 대전유성지부,개인사업장,실내장식 디자이너,직업실무체험형,Y,Y,Y,36.3723565866961,127.338638613429,18,유료,10000.0,2.0,79001,,,대전 유성구,학교
853,특수 분장사 직업 체험,휴담 대전유성지부,개인사업장,메이크업 아티스트 및 분장사,직업실무체험형,Y,Y,Y,36.3723565866961,127.338638613429,18,유료,10000.0,2.0,79001,,,대전 유성구,학교
852,메이크업아티스트 직업체험,휴담 대전유성지부,개인사업장,메이크업 아티스트 및 분장사,직업실무체험형,Y,Y,Y,36.3723565866961,127.338638613429,18,유료,10000.0,2.0,79001,,,대전 유성구,학교
851,나만의 키링 디자인,아트리유 미술학원,개인사업장,제품 디자이너,현장직업체험형,Y,Y,Y,37.6106958004184,127.060517642829,6,유료,20000.0,60.0,79001,,,서울 성북구,체험처
850,감정을 담는 보석디퓨저 클래스로 경험하는 공예가 진로체험,엠마스튜디오,개인사업장,기타,현장직업체험형,Y,Y,Y,35.22450039356412,128.67731504763384,5,유료,20000.0,1.0,79001,,62001.0,경남 창원시,체험처
849,[대구점/방문체험] 드림닥터 의사직업체험,좋은공연사,개인사업장,일반 의사,현장직업체험형,Y,,,37.5453866708619,126.911810772176,300,유료,15000.0,2.0,79001,,,대구 중구,체험처
848,"(온라인) 국가기록원 < 성남분원 ( 구, 나라기록관 ) 진로체험 프로그램 >",국가기록원 성남분원,공공기관/공기업,사회과학 연구원,현장견학형,Y,Y,Y,37.41741849238319,127.09559125169852,30,무료,,2.0,79002,,62001.0,경기 성남시,온라인
847,"(오프라인) 국가기록원 < 성남분원( 구, 나라기록관 ) 진로체험 프로그램 >",국가기록원 성남분원,공공기관/공기업,사회과학 연구원,현장견학형,Y,Y,Y,37.41751808689214,127.09499266145076,30,무료,,2.0,79001,,62001.0,경기 성남시,체험처
846,업사이클링 공예 디자이너가 되어보자! 웜아트 섬유질 클레이와 재활용품으로 친환경 생활소품 만들기,다온아트 스튜디오,개인사업장,제품 디자이너,직업실무체험형,Y,Y,Y,35.312038926076845,128.99234942245977,20,유료,25000.0,2.0,79001,,,경남 양산시,학교
845,[대전점/방문체험] 드림닥터 의사직업체험,좋은공연사,개인사업장,일반 의사,현장직업체험형,Y,,,37.5453866708619,126.911810772176,300,유료,15000.0,2.0,79001,,,대전 유성구,체험처
844,학교연계 Job&Joy - 소잉디자이너(서비주),서비주,개인사업장,패션 디자이너,직업실무체험형,,Y,,35.58793881828718,129.3678492518614,30,무료,,2.0,79001,,,울산 북구,체험처
843,2026년 학교연계프로그램 [진로연계교육-드론축구],서산문화복지센터,공공기관/공기업,기타,직업실무체험형,Y,Y,,36.79234653055827,126.4629791232398,450,무료,,2.0,79001,,62001.0,충남 서산시,체험처
842,2026년 청소년 슈퍼컴퓨팅 체험캠프,기상청 국가기상슈퍼컴퓨터센터,공공기관/공기업,기타,캠프형,,,Y,36.7163663188511,127.432964007749,30,무료,,5.0,79001,,,충북 청주시,체험처
841,2026년 학교연계프로그램 [충남형 자유학기-팔봉중학교],서산문화복지센터,공공기관/공기업,기타,직업실무체험형,,Y,,36.78200321223623,126.36115415196862,2058,무료,,3.0,79001,,62001.0,충남 서산시,학교
840,찾아가는 학교연계사업_진로가치관 교육,고운청소년센터,청소년/시민단체,기타,강연형,Y,Y,,36.5049740605534,127.235364128354,150,무료,,100.0,79001,,,세종 세종시,학교
839,"그림 담은 그릇, 도자기핸드페인팅",마마스핸즈 도자기핸드페인팅 진주초전,개인사업장,공예,학과체험형,Y,Y,Y,35.19921996941327,128.11384417526213,20,유료,25000.0,2.0,79001,,,경남 진주시,학교
838,중.고등 뷰티 체험 프로그램(메이크업),동인천미용학원,개인사업장,미용사,현장직업체험형,,Y,Y,37.46934121510571,126.62698001868064,100,유료,19000.0,2.0,79001,,62001.0,인천 제물포구,체험처
837,어린이집 예비교사 체험,조원어린이집,민간기업,학교 교사,현장직업체험형,,Y,Y,36.85022139586367,127.43397969292364,10,무료,,2.0,79001,,,충북 진천군,체험처
836,[현장견학형] 세계시민교육(중국어교과연계 및 동아리체험),중국어마을,민간기업,기타,현장견학형,Y,Y,Y,37.47319807758495,126.62148930011614,300,유료,30000.0,2.0,79001,,62001.0,인천 제물포구,체험처
835,스마트팜을 활용한 딸기농업 체험,부자농원/부자팜스쿨,개인사업장,채소·특용작물 재배원,현장직업체험형,,,Y,36.91655418637557,127.508126683895,50,유료,20000.0,2.0,79001,,,충북 진천군,체험처
834,해바라기액자,오리비안스튜디오,개인사업장,제품 디자이너,현장직업체험형,,Y,Y,35.1715960824255,128.05861853508,10,유료,30000.0,2.0,79001,,,경남 진주시,체험처
833,달콤한 삼척 한 조각,삼척시립박물관,공공기관/공기업,문화·예술 기획자 및 매니저,현장견학형,Y,,,37.43890316115982,129.15834604052637,30,무료,,2.0,79001,,,강원 삼척시,체험처
832,수공예 토탈공예,청주풀잎문화센터,청소년/시민단체,예능 강사,현장직업체험형,,Y,Y,36.63652624132752,127.48658296059256,30,유료,20000.0,2.0,79001,,,충북 청주시,학교
831,[서수원점/방문체험] 드림닥터 의사직업체험,좋은공연사,개인사업장,일반 의사,현장직업체험형,Y,,,37.5453866708619,126.911810772176,300,유료,15000.0,2.0,79001,,,경기 수원시,체험처
830,색채심리 전문가 직업체험,휴담 대전유성지부,개인사업장,기타,직업실무체험형,Y,Y,Y,36.3622851114392,127.356257593324,18,유료,10000.0,2.0,79001,,,대전 유성구,학교
829,"AI, 어디까지 코딩해 봤니? 엔트리로 만드는 인공지능 세상",모세사,개인사업장,통신공학 기술자 및 연구원,직업실무체험형,Y,Y,,36.4898161563742,127.258945240294,20,유료,15000.0,2.0,79001,,,세종 세종시,학교
828,2026년 광탄고등학교 부사관과 학과체험 17일 오후,광탄고등학교,학교/대학교,기타예술체육,학과체험형,,Y,,37.78319824623199,126.84866688102036,60,무료,,3.0,79001,,,경기 파주시,학교
827,2026년 광탄고등학교 부사관과 학과체험 17일 오전,광탄고등학교,학교/대학교,기타예술체육,학과체험형,,Y,,37.78318925121495,126.84867825132324,60,무료,,3.0,79001,,,경기 파주시,학교
826,2026년 광탄고등학교 부사관과 학과체험 16일 오후,광탄고등학교,학교/대학교,기타예술체육,학과체험형,,Y,,37.78293660310728,126.8483836163992,60,무료,,3.0,79001,,,경기 파주시,학교
825,지역 캐릭터를 활용한 실제 상품 개발 프로젝트 : 토더기 도어벨 만들기,솜씨정원,개인사업장,상품 기획자,직업실무체험형,Y,Y,Y,35.1771656129948,128.81448619395,30,유료,20000.0,2.0,79001,,,경남 김해시,학교
824,AI 메이커 상품기획자: 디지털 제작 장비로 나만의 굿즈 개발하기,솜씨정원 부산디지털공예교육센터,개인사업장,상품 기획자,직업실무체험형,Y,Y,Y,35.0747089294895,129.066868152343,30,유료,6000.0,2.0,79001,,,부산 영도구,학교
823,나만의 K-퍼퓸 : GPTs와 AI로 완성하는 향수 브랜드,솜씨정원 부산디지털공예교육센터,개인사업장,제품 디자이너,직업실무체험형,Y,Y,Y,35.0747089294895,129.066868152343,25,유료,30000.0,2.0,79001,,,부산 영도구,학교
822,AI활용 핸드메이드 크리에이터,솜씨정원 부산디지털공예교육센터,개인사업장,실내장식 디자이너,직업실무체험형,Y,Y,Y,35.0747089294895,129.066868152343,90,유료,20000.0,2.0,79001,,,부산 영도구,학교
821,2026년 광탄고등학교 부사관과 학과체험 16일 오전,광탄고등학교,학교/대학교,기타예술체육,학과체험형,,Y,,37.78300894262582,126.84858780345536,60,무료,,3.0,79001,,,경기 파주시,학교
820,2026년 광탄고등학교 부사관과 학과체험 15일 오후,광탄고등학교,학교/대학교,기타예술체육,학과체험형,,Y,,37.78317115911605,126.84862152841076,60,무료,,3.0,79001,,,경기 파주시,체험처
819,2026년 광탄고등학교 부사관과 학과체험 15일 오전,광탄고등학교,학교/대학교,복합학,학과체험형,,Y,,37.78319821707044,126.84864417715208,60,무료,,3.0,79001,,,경기 파주시,학교
818,AI시대 청년 창업가 진로특강《변화하는 직업세계와 미래인재 이해》,메타킨더에듀(코딩하루),민간기업,창업/벤처기업,강연형,,,Y,35.1802228341536,128.107706335688,40,무료,,50.0,79001,,62001.0,경남 진주시,학교
817,나도바리스타직업체험,서초커피작업실(Samusil),개인사업장,음료 조리사,직업실무체험형,,Y,Y,37.485780248867,127.029279118865,10,유료,30000.0,2.0,79001,,,서울 서초구,체험처
816,🌿 꿈길 진로체험｜프랑스 입체자수로 완성하는 업사이클 의류 리폼,유한회사 에이치엠,민간기업,화가 및 조각가,현장직업체험형,,Y,Y,37.5667867022968,126.817787577728,5,유료,30000.0,2.0,79001,,,서울 강서구,학교
815,애견미용사 진로제험,MBC아카데미애견미용학원,개인사업장,반려동물 미용 및 관리 종사원,직업실무체험형,,Y,,37.5052490026753,126.75195015677,10,무료,,2.0,79001,,,경기 부천시,체험처
814,나만의 작품을 만드는 프랑스자수 공예가 체험,유한회사 에이치엠,민간기업,화가 및 조각가,현장직업체험형,,Y,,37.5667867022968,126.817787577728,5,유료,25000.0,2.0,79001,,,서울 강서구,학교
813,산채비빔밥만들기,장금이파크,개인사업장,기타,직업실무체험형,Y,Y,Y,35.5456601723162,127.05770968348394,30,유료,20000.0,1.0,79001,,,전북 정읍시,체험처
812,숲과 탄소이야기,사단법인 경남숲교육협회,민간기업,기타,강연형,Y,,,35.16456605647828,128.1271798741669,20,유료,10000.0,2.0,79001,,,경남 진주시,학교
811,찾아가는 진로직업체험교실,(주)반딧불이진로교육센타,개인사업장,진로교육,직업실무체험형,Y,Y,Y,35.833655108696426,127.16160558204352,25,유료,15000.0,2.0,79001,,,전북 전주시,학교
810,쿠키 만들기,순수갸또디저트공방,개인사업장,제과·제빵원,현장직업체험형,Y,Y,Y,35.1499746677407,129.021719117867,8,유료,25000.0,2.0,79001,,,부산 부산진구,체험처
809,[체험형] 찾진&멘토링 [인형디자이너-모루인형 키링 만들기],스위티 스티치,개인사업장,예술·디자인·방송직,직업실무체험형,,Y,,35.5438097037233,129.330091790831,100,유료,15000.0,2.0,79001,,,울산 남구,체험처
808,2026년 대구지역 청소년 미디어 진로체험,대구시청자미디어센터,공공기관/공기업,예술·디자인·방송직,현장직업체험형,Y,Y,Y,35.8316602198285,128.687325999915,20,무료,,2.0,79001,,62001.0,대구 수성구,체험처
807,[창업가스토리&진로체험] 커피블랜드 만들기,심빠띠꼬 커피랩,개인사업장,음식 서비스직,직업실무체험형,,Y,,35.5438097037233,129.330091790831,100,유료,20000.0,2.0,79001,,,울산 남구,체험처
806,찾아가는 학교연계사업_진로가치관 교육,고운청소년센터,청소년/시민단체,기타,강연형,Y,Y,,36.5049740605534,127.235364128354,240,무료,,120.0,79001,,,세종 세종시,학교
805,'우리는 세상의 빛'(광해복원 실험실),한국광해광업공단,공공기관/공기업,연구직 및 공학 기술직,강연형,,Y,,37.32327643919564,127.9880510133274,30,무료,,1.0,79001,,62001.0,강원 원주시,학교
804,친환경 기술로 되살리는 전통 도구,아주대학교 도구박물관,학교/대학교,재료공학,현장직업체험형,Y,Y,,37.2822842986331,127.0473491994034,30,무료,,1.0,79001,,62001.0,경기 수원시,체험처
803,AI활용 마케팅 전문가 : 고객을 끌어오는 실전 홍보 콘텐츠 기획,솜씨정원 부산디지털공예교육센터,개인사업장,기획·마케팅 사무원,직업실무체험형,Y,Y,Y,35.0747089294895,129.066868152343,90,유료,7000.0,2.0,79001,,,부산 영도구,학교
802,학교텃밭 진로체험,치유온,민간기업,식물생리,학과체험형,,Y,,35.1704161279272,128.132319746992,60,유료,120000.0,24.0,79001,,,경남 진주시,학교
801,생태전환교육 씨앗프로그램,치유온,민간기업,식물생리,학과체험형,Y,Y,,35.1704161279272,128.132319746992,20,유료,20000.0,2.0,79001,,,경남 진주시,학교
800,가죽 매듭 공예,벌룬달링,학교/대학교,공예,직업실무체험형,Y,Y,Y,35.1898191914506,126.909671903741,20,유료,15000.0,2.0,79001,,,광주 북구,학교
799,산림항공본부에서 나의꿈을 찾다,산림항공본부,공공기관/공기업,항공기·선박·철도 조종사 및 관제사,현장견학형,,Y,Y,37.411450672070686,127.79896743808816,40,무료,,2.0,79001,,62001.0,강원 원주시,체험처
798,"씨앗의여행 희망을품다(내걱정가져가는잔디인형,씨앗의전략)",헤오름치유농업연구소,개인사업장,원예작물 재배원,강연형,Y,Y,,36.4816788992204,127.326858644491,20,유료,60.0,60.0,79001,,,세종 세종시,학교
797,어서올라와!함께가자(덩굴식물과물고기키우기),헤오름치유농업연구소,개인사업장,원예작물 재배원,강연형,Y,Y,,36.4816788992204,127.326858644491,20,유료,15000.0,60.0,79001,,,세종 세종시,체험처
796,화과자 만들기와 디저트 공예 체험,정담은,개인사업장,기타 조리사,직업실무체험형,Y,Y,Y,37.6081092533124,126.922824244998,20,무료,,2.0,79001,,,서울 은평구,체험처
795,"요리사(제과제빵,아동요리,떡공예)",소담다담,개인사업장,제과·제빵원 및 떡 제조원,현장직업체험형,Y,Y,,35.06152427839744,128.9768159486631,5,유료,30000.0,2.0,79001,,,부산 사하구,체험처
794,미래체험교실(소방관),진천소방서,공공기관/공기업,소방관,강연형,,Y,,36.8726674636512,127.441141919647,30,무료,,2.0,79001,,,충북 진천군,학교
793,알쓸신잡(job) 건강보험 이야기,국민건강보험공단 진천지사,공공기관/공기업,의료/복지/사회정책,강연형,,Y,,36.8486908898472,127.449067833661,30,무료,,2.0,79001,,,충북 진천군,학교
792,2026년 찾아가는 내꿈키움학교 (2교시 진행),국립공주병원,공공기관/공기업,보건·의료 종사자,강연형,,Y,,36.4028864383348,127.107066034339,30,무료,,2.0,79001,,62001.0,충남 공주시,학교
791,"2026년 국립공주병원 내꿈키움학교 진로캠프(정신건강교육, 직업멘토링, 직업체험)",국립공주병원,공공기관/공기업,보건·의료 종사자,캠프형,,Y,,36.4465551158227,127.11905504092,0,유료,10000.0,5.0,79001,,62001.0,충남 공주시,체험처
790,은반지 원데이클래스,리플아뜰리에,개인사업장,공예원 및 귀금속 세공원,현장직업체험형,,Y,Y,35.11313484071662,128.96576236165865,30,유료,35000.0,3.0,79001,,,부산 사하구,학교
789,정서성장 및 진로탐색프로그램,리움브레인센터,개인사업장,상담 전문가,캠프형,,Y,Y,35.1938992728496,126.815063197966,100,유료,10000.0,2.0,79001,,62001.0,광주 광산구,학교
788,인성향상 집단프로그램,리움브레인센터,개인사업장,상담 전문가,캠프형,,Y,Y,35.1938992728496,126.815063197966,100,유료,10000.0,2.0,79001,,62001.0,광주 광산구,학교
787,초록 꿈을 싣고 달리는 에코 트럭(목공만들기와다육이식물키우기),헤오름치유농업연구소,개인사업장,원예작물 재배원,대화형,Y,Y,,36.4816788992204,127.326858644491,20,유료,20000.0,90.0,79001,,,세종 세종시,학교
786,동물 빼빼로 만들기 체험,늘봄베이킹스튜디오,개인사업장,기타 조리사,직업실무체험형,Y,Y,Y,37.5710598481995,127.057920287959,20,유료,25000.0,1.0,79001,,,서울 동대문구,체험처
785,할로윈 마카롱 만들기 체험,늘봄베이킹스튜디오,개인사업장,기타 조리사,직업실무체험형,Y,Y,Y,37.5710598481995,127.057920287959,20,유료,25000.0,1.0,79001,,,서울 동대문구,체험처
784,[융합 디자인]만지락 캔들 & 프리저브드 플라워 꽃꽂이,엘리노어,개인사업장,기타 문리·기술 및 예능 강사,직업실무체험형,Y,Y,Y,37.7134078393934,126.748620231669,80,유료,20000.0,1.5,79001,,,경기 파주시,학교
783,작은 세상을 만드는 미니어처 디자이너,꿈꾸는놀이터,개인사업장,제품 디자이너,직업실무체험형,Y,,,37.71105810267538,126.75288067901346,100,유료,15000.0,2.0,79001,,,경기 파주시,학교
782,자존감향상프로그램,리움브레인센터,개인사업장,상담 전문가,캠프형,,Y,Y,35.1938992728496,126.815063197966,100,유료,10000.0,2.0,79001,,62001.0,광주 광산구,학교
781,새로운 가치를 만드는 업사이클링 디자이너,꿈꾸는놀이터,개인사업장,제품 디자이너,직업실무체험형,Y,Y,,37.711022135361794,126.75291482123792,100,유료,10000.0,2.0,79001,,,경기 파주시,학교
780,동탄 올림픽 사격 진로체험,케이한국사격아카데미,학교/대학교,직업 운동선수,현장직업체험형,Y,Y,Y,37.2022134448101,127.073195044809,40,유료,15000.0,2.0,79001,,,경기 화성시,체험처
779,"한국의 향, 나만의 K-퍼퓸 : GPTs와 AI로 완성하는 향수 브랜드",솜씨정원,개인사업장,기타,직업실무체험형,Y,Y,Y,35.1771656129948,128.81448619395,25,유료,30000.0,2.0,79001,,,경남 김해시,학교
778,AI 메이커 상품기획자: 생성형 AI와 디지털 제작 장비로 나만의 굿즈 개발하기,넥스트이랩,개인사업장,상품 기획자,직업실무체험형,Y,Y,Y,35.238609802842,128.860374636,25,유료,6000.0,2.0,79001,,,경남 김해시,학교
777,도자기체험,문강도예체험장,개인사업장,기타,현장견학형,Y,Y,Y,36.910077594021466,127.35870443396998,100,유료,20000.0,2.0,79001,,,충북 진천군,체험처
776,"경기상상캠퍼스 상상실험실 공예 체험 프로그램(도자, 유리, 목공)",경기문화재단 경기상상캠퍼스,공공기관/공기업,공예,현장견학형,Y,Y,Y,37.26798853174377,126.98300982289474,20,유료,10000.0,2.0,79001,,,경기 수원시,체험처
775,"아로마테라피스트 직업체험 활동 - 나만의 천연오일 롤온, 모기기피제 만들기",창원시설관리공단(우리누리청소년문화센터),공공기관/공기업,기타,현장직업체험형,Y,,,35.2404201354842,128.590361596706,30,무료,,2.0,79001,,62001.0,경남 창원시,체험처
774,[대학로/방문공연] 뮤지컬 삐딱하게,좋은공연사,개인사업장,공연·영화 및 음반 기획자,현장직업체험형,Y,Y,Y,37.5453866708619,126.911810772176,5000,유료,0.0,15.0,79001,,,서울 종로구,체험처
773,2026년 찾아가는 꿈마중 ( 부산중-진로탐색동아리),동구진로교육지원센터,공공기관/공기업,기타,직업실무체험형,,Y,,35.13289294732123,129.04125431748906,12,무료,,2.0,79001,,,부산 동구,체험처
772,2026년 찾아가는 꿈마중 (금성고등학교-직업탐구동아리),동구진로교육지원센터,공공기관/공기업,기타,직업실무체험형,,,Y,35.13289294732123,129.04125431748906,20,무료,,1.0,79001,5.0,,부산 동구,체험처
771,[대학로/방문공연] 뮤지컬 내 친구 미호,좋은공연사,개인사업장,공연·영화 및 음반 기획자,현장직업체험형,Y,Y,Y,37.5453866708619,126.911810772176,5000,유료,0.0,15.0,79001,,,서울 종로구,체험처
770,센트디자인: 커스텀 향기블렌딩 핸드크림 만들기,그리니,개인사업장,기타 미용 서비스원,직업실무체험형,Y,Y,Y,34.8293848671434,128.425877471961,30,유료,25000.0,2.0,79001,,,경남 통영시,학교
769,전문 직업인 특강,더아름교육원,개인사업장,기타,직업실무체험형,Y,Y,Y,36.4845919164256,127.252492570609,400,유료,400000.0,2.0,79001,,,세종 세종시,체험처
768,바다품은 티코스터 디오라마,퍼니핸즈,개인사업장,시각 디자이너,현장직업체험형,Y,,,37.3577193854131,126.96768930353844,20,유료,20000.0,2.0,79001,,,경기 의왕시,체험처
767,데이터로 나를 디자인하다 : 내일마루 진로설계 워크숍,내일마루,민간기업,진로교육,대화형,Y,Y,Y,34.8293848671434,128.425877471961,200,무료,,2.0,79001,,,경남 통영시,학교
766,유기묘와 함께하는 진로 체험,집사의 하루(일산점),개인사업장,반려동물 미용 및 관리 종사원,현장직업체험형,,Y,,37.6592518707014,126.769873803932,30,유료,12000.0,2.0,79001,,,경기 고양시,체험처
765,관광통역안내사에게 직접 듣는 하이커그라운드 도슨트,하이커그라운드,공공기관/공기업,여행 안내원 및 해설사,현장직업체험형,,Y,Y,37.56836540790812,126.9816401115203,150,무료,,1.0,79001,,,서울 중구,체험처
764,AI 엔지니어 직업체험: 데이터로 인공지능 모델 만들기,세나코어시스템,개인사업장,인공지능,직업실무체험형,Y,Y,Y,34.8264487965323,128.701737195957,20,유료,50000.0,1.0,79001,,,경남 거제시,학교
763,AI와 함께하는 바이브 코딩: 나만의 웹앱 만들기,세나코어시스템,개인사업장,응용 소프트웨어 개발자,직업실무체험형,Y,Y,Y,34.8264487965323,128.701737195957,50,유료,50000.0,2.0,79001,,,경남 거제시,체험처
762,손으로 꿈을 만들다! 전통 굿즈 디자이너 - 갓 키링 만들기,꿈꾸는놀이터,개인사업장,디자인,직업실무체험형,Y,Y,,37.71090486723916,126.75284716515344,100,유료,20000.0,2.0,79001,,,경기 파주시,학교
761,[출강/진로] 피부관리사_셀프 스킨케어 및 고무팩 체험,주식회사두두(미용복지교육센터),민간기업,피부 및 체형 관리사,직업실무체험형,Y,Y,Y,35.8747071725349,128.595266645482,10,유료,35000.0,2.0,79001,,,대구 중구,학교
760,[출강/진로] 왁싱 전문가와 함께하는 팔·다리 실전 왁싱 체험,주식회사두두(미용복지교육센터),민간기업,피부 및 체형 관리사,직업실무체험형,Y,Y,Y,35.8747071725349,128.595266645482,10,유료,35000.0,2.0,79001,,,대구 중구,학교
759,"[ESG 환경 진로] 지구를 살리는 가치 디자인, '자원순환 전문가' 프로젝트",엘리노어,개인사업장,기타 문리·기술 및 예능 강사,직업실무체험형,Y,,Y,37.7134078393934,126.748620231669,60,유료,10000.0,1.5,79001,,,경기 파주시,학교
758,[출강/진로] 메이크업 아티스트와 함께하는 특수분장 체험,주식회사두두(미용복지교육센터),민간기업,메이크업 아티스트 및 분장사,직업실무체험형,Y,Y,Y,35.8747071725349,128.595266645482,10,유료,35000.0,2.0,79001,,,대구 중구,학교
757,찾아가는 청주기상지청 진로체험,청주기상지청,공공기관/공기업,자연과학 연구원,직업실무체험형,Y,Y,,36.6396393758515,127.440664458472,25,무료,,2.0,79001,,62001.0,충북 청주시,학교
756,슈가크래프트,이렇게 행복할 슈가,개인사업장,주방장 및 요리 연구가,직업실무체험형,Y,Y,Y,35.16292630242881,129.0531321092762,10,유료,7000.0,1.0,79001,,62002.0,부산 부산진구,학교
755,[출강/진로] 내 맘대로 조합하는 맞춤형 토탈 뷰티 체험,주식회사두두(미용복지교육센터),민간기업,미용사,직업실무체험형,Y,Y,Y,35.8747071725349,128.595266645482,10,유료,45000.0,2.0,79001,,,대구 중구,학교
754,피부미용 직업실무체험,청담 엑스날 신대방점,개인사업장,피부 및 체형 관리사,직업실무체험형,Y,Y,Y,37.4996090735161,126.924548360735,10,유료,10000.0,2.0,79001,,,서울 동작구,학교
753,피부미용 현장직업체험,청담 엑스날 신대방점,개인사업장,피부 및 체형 관리사,현장직업체험형,Y,Y,Y,37.499600877118944,126.92455266636372,10,유료,10000.0,2.0,79001,,,서울 동작구,체험처
752,전통 떡 만들기와 한식디저트 진로체험,정담은,개인사업장,기타 조리사,직업실무체험형,Y,Y,Y,37.6081092533124,126.922824244998,20,무료,,2.0,79001,,,서울 은평구,학교
751,한양과학기술고등학교 학과 체험,한양과학기술고등학교,학교/대학교,공학교육,학과체험형,,Y,,37.565897539041245,127.01157925174408,50,무료,,3.0,79001,,,서울 중구,학교
750,톨페인팅 및  DIY목공예을 이용한 self 테라피,자작나무이야기 빈티지공방 북까페,개인사업장,실내장식 디자이너,현장직업체험형,Y,Y,Y,36.34297991300702,126.59196021239876,40,유료,20000.0,2.0,79001,,,충남 보령시,체험처
749,어린이집 원아들과 보내는 교사(보육) 체험,금빛햇님어린이집,개인사업장,유치원 교사,직업실무체험형,,Y,Y,36.33281950629164,126.61167707176897,10,무료,,3.0,79001,,,충남 보령시,체험처
748,사진으로,빽방앗간,개인사업장,사진작가 및 사진사,현장직업체험형,Y,Y,Y,36.2644588949764,126.561396933003,20,유료,20000.0,2.0,79001,,,충남 보령시,체험처
747,향기 식물을 관찰하고 약용식물관리사 직업 탐구,라르고팜,개인사업장,채소·특용작물 재배원,현장직업체험형,Y,Y,Y,36.34189172996163,126.60811206830554,40,유료,20000.0,2.0,79001,,,충남 보령시,체험처
746,고구마 피자로 배우는 로컬푸드,다정교육농장,개인사업장,한식 조리사,현장직업체험형,Y,,,34.5488352825456,126.662994540396,20,유료,20000.0,2.0,79001,,,전남 해남군,체험처
745,푸름이 이동환경교실(하반기 찾아가는 환경진로체험교실/★지속교육★)(서울/인천/경기),한국환경보전원,공공기관/공기업,자연과학 연구원 및 시험원,직업실무체험형,,Y,Y,37.547826500779486,127.06496337747346,25,무료,,2.0,79001,,62002.0,서울 성동구,학교
744,푸름이 이동환경교실(하반기 찾아가는 환경진로체험교실/★일일교육★)(서울/인천/경기),한국환경보전원,공공기관/공기업,자연과학 연구원 및 시험원,직업실무체험형,,Y,Y,37.547826500779486,127.06496337747346,50,무료,,1.0,79001,,62002.0,서울 성동구,학교
743,소방직 관련 공무원 직업체험 (119소방안전체험),전남소방학교,공공기관/공기업,소방관,현장직업체험형,Y,Y,Y,34.664860012302654,126.93863110816774,30,무료,,2.0,79001,,62001.0,전남 장흥군,체험처
742,3D프린터 전문가와 함께하는 나만의 키링 만들기,세나코어시스템,개인사업장,제품 디자이너,직업실무체험형,Y,Y,Y,34.8264487965323,128.701737195957,10,유료,30000.0,2.0,79001,,,경남 거제시,학교
741,[일터체험] '떡전문가(떡공방)' 직업체험,송알송알 떡공방,개인사업장,기타,직업실무체험형,Y,Y,Y,37.59994831966192,126.76682617517184,6,무료,,2.0,79001,,,경기 김포시,체험처
740,[진로멘토링] 인공지능전문가,원메이커랩,개인사업장,연구직 및 공학 기술직,대화형,,Y,,35.5438097037233,129.330091790831,100,유료,80000.0,2.0,79001,,62001.0,울산 남구,체험처
739,내 꿈을 향한 스윙! 스내그골프!,바이스앤,개인사업장,직업 운동선수,직업실무체험형,Y,,,37.48187374453354,127.0438427309851,20,유료,25000.0,1.0,79001,,,서울 강남구,학교
738,퍼스널컬러 진단(민간자격증 연계),SBS아카데미미용학원 인계캠퍼스,민간기업,메이크업 아티스트 및 분장사,직업실무체험형,,Y,Y,37.2643097973442,127.033972725876,60,무료,,1.0,79001,,,경기 수원시,체험처
737,[항공안전관리학과] 항공 안전을 디자인하다: 항공안전관리학과 진로 탐색,극동대학교,학교/대학교,항공운항관리,학과체험형,,Y,Y,37.1282549251378,127.641870971257,100,무료,,2.0,79001,,62002.0,충북 음성군,체험처
736,[항공운항학과] 조종간을 잡고 미래로! 항공운항학과 전공 탐색 및 비행 체험,극동대학교,학교/대학교,항공기 조종사,학과체험형,,Y,Y,37.1282549251378,127.641870971257,100,무료,,2.0,79001,,62002.0,충북 음성군,체험처
735,AI·드론코딩으로 만나는 미래직업,드로제,민간기업,기타 컴퓨터 전문가 및 소프트웨어 전문가,직업실무체험형,Y,Y,,37.6584289395157,126.831977751081,25,유료,10000.0,2.0,79001,,,경기 고양시,학교
734,"업사이클공예가(환경공예가),조향사 /에코쥬얼리퍼퓸",공드리공작소,개인사업장,기타,현장직업체험형,Y,Y,Y,36.9490629646712,127.904045908719,30,유료,20000.0,2.0,79001,,,충북 충주시,학교
733,[캘리그라피]캘리 시계 액자 만들기,예쁜캘리&예쁜피오피,개인사업장,문리·어학 강사,현장직업체험형,Y,Y,Y,36.19554767830471,127.08957580650252,30,유료,35000.0,2.0,79001,,62001.0,충남 논산시,학교
732,[캘리그라피 LED 캘리 양초 꾸미기,예쁜캘리&예쁜피오피,개인사업장,제품 디자이너,현장직업체험형,,Y,Y,36.19092355077641,127.09659142752528,30,유료,25000.0,2.0,79001,,62001.0,충남 논산시,학교
731,[캘리그라피]프리저브드 플라워 캘리 액자,예쁜캘리&예쁜피오피,개인사업장,제품 디자이너,현장직업체험형,,Y,Y,36.19092355077641,127.09659142752528,20,유료,30000.0,2.0,79001,,62001.0,충남 논산시,학교
730,꽃으로 전하는 감정회복 전문가 플로리스트 체험,수수한꽃,민간기업,기타,현장직업체험형,Y,Y,Y,35.9105025905212,127.073672808516,28,유료,20000.0,2.0,79001,,,전북 완주군,체험처
729,나무이야기 찾아가는 목공체험교실-곰돌이 독서대,대전나무이야기,민간기업,목재 가공기계 조작원,직업실무체험형,Y,Y,Y,36.362311238100034,127.43516848235026,20,유료,28000.0,2.0,79001,,,대전 대덕구,학교
728,나무이야기 찾아가는 목공체험교실-베이직 책꽂이,대전나무이야기,민간기업,목재 가공기계 조작원,직업실무체험형,Y,Y,Y,36.362311238100034,127.43516848235026,20,유료,28000.0,2.0,79001,,,대전 대덕구,학교
727,AI활용 마케팅 전문가 : 고객을 끌어오는 실전 홍보 콘텐츠 기획,솜씨정원,개인사업장,기획·마케팅 사무원,직업실무체험형,Y,Y,Y,35.1771656129948,128.81448619395,90,유료,7000.0,2.0,79001,,,경남 김해시,학교
726,AI활용 핸드메이드 크리에이터 : 나도 AI 콘텐츠 크리에이터!,솜씨정원,개인사업장,미디어 콘텐츠 디자이너,직업실무체험형,Y,Y,Y,35.1771656129948,128.81448619395,90,유료,20000.0,2.0,79001,,,경남 김해시,학교
725,꿈꾸는 박물관 - 박물관 속 직업 및 공간탐구,은평역사한옥박물관,공공기관/공기업,학예사 및 문화재 보존원,현장직업체험형,Y,Y,Y,37.6349668825061,126.92106591289,20,유료,1000.0,2.0,79001,,,서울 은평구,체험처
724,펠트&양모 캐릭터키링만들기,꿈꾸는 니들공방,개인사업장,기타예술체육,학과체험형,,Y,Y,34.95592285216272,127.53567231503314,20,유료,18000.0,4.0,79001,,,전남 순천시,체험처
723,동식물 검역관 직업체험,농림축산검역본부 중부지역본부,공공기관/공기업,작물재배 종사자,현장직업체험형,Y,Y,Y,37.46409772691254,126.6851512681763,10,무료,,2.0,79001,,,인천 미추홀구,체험처
722,생활목공 체험교실 - 1인 좌탁,(유)사각사각,개인사업장,공예원,직업실무체험형,Y,Y,Y,35.9442573002663,126.949596296943,40,유료,90000.0,2.0,79001,,,전북 익산시,학교
721,생활목공 체험교실 - 독서대 만들기,(유)사각사각,개인사업장,공예원,직업실무체험형,Y,Y,Y,35.9442573002663,126.949596296943,40,유료,40000.0,2.0,79001,,,전북 익산시,학교
720,위기의 동물을 구하는 글라스아트도어벨,그리니,개인사업장,예능 강사,현장직업체험형,Y,Y,Y,34.8544448243999,128.43314921138,20,유료,25000.0,2.0,79001,,,경남 통영시,학교
719,생활목공 체험교실 - 고리형 벽선반 만들기,(유)사각사각,개인사업장,공예원,직업실무체험형,Y,Y,Y,35.9442573002663,126.949596296943,40,유료,20000.0,2.0,79001,,,전북 익산시,학교
718,버섯따서 피자만들기체험,6차산업 드림버섯농장,개인사업장,주방장 및 요리 연구가,현장견학형,Y,Y,,36.8923275070784,127.322624714541,100,유료,25000.0,2.0,79001,,,충북 진천군,체험처
717,피부 건강 지킴이 프로젝트! 건강한 피부 습관 만들기,김포 구래 피부관리 오늘도 예쁨,개인사업장,피부 및 체형 관리사,현장직업체험형,Y,Y,Y,37.6437250386719,126.625092922928,6,유료,10000.0,2.0,79001,,,경기 김포시,체험처
716,"버섯농업(표고버섯키우기, 노루궁뎅이버섯키우기, 녹각영지버섯키우기)",6차산업 드림버섯농장,개인사업장,채소·특용작물 재배원,현장직업체험형,Y,,,36.86298651782582,127.43737130262522,200,유료,25000.0,2.0,79001,,,충북 진천군,체험처
715,생활목공 체험교실 - 태블릿 거치대 만들기,(유)사각사각,개인사업장,공예원,직업실무체험형,Y,Y,Y,35.9442573002663,126.949596296943,40,유료,40000.0,2.0,79001,,,전북 익산시,학교
714,국회 의정체험교실(오프라인),국회사무처,공공기관/공기업,기타,강연형,Y,Y,Y,37.53158878082342,126.91783970072817,520,무료,,2.0,79001,,,서울 영등포구,체험처
713,생활목공 체험교실 - 발 받침대 만들기,(유)사각사각,개인사업장,공예원,직업실무체험형,Y,Y,Y,35.9442573002663,126.949596296943,40,유료,70000.0,2.0,79001,,,전북 익산시,학교
712,생활목공 체험교실 - 원형 스툴 만들기,(유)사각사각,개인사업장,공예원,직업실무체험형,Y,Y,Y,35.9442573002663,126.949596296943,40,유료,50000.0,2.0,79001,,,전북 익산시,학교
711,국회 의정체험교실(온라인),국회사무처,공공기관/공기업,기타,강연형,Y,Y,Y,37.531523458296505,126.91783977238228,520,무료,,2.0,79002,,,서울 영등포구,온라인
710,생활목공 체험교실 - 강아지 모양 수납함,(유)사각사각,개인사업장,공예원,직업실무체험형,Y,Y,Y,35.9442573002663,126.949596296943,40,유료,30000.0,2.0,79001,,,전북 익산시,학교
709,생활목공 체험교실 - 3단 보관함 만들기,(유)사각사각,개인사업장,공예원,직업실무체험형,Y,Y,Y,35.9442573002663,126.949596296943,40,유료,50000.0,2.0,79001,,,전북 익산시,학교
708,★낙동강권★[현장견학형]K-water 물드림캠프(합천댐지사),K-water (한국수자원공사),공공기관/공기업,정부·공공행정 전문가,강연형,Y,Y,,35.5315542449351,128.029521388533,33,무료,,2.0,79001,,62001.0,경남 합천군,체험처
707,[학교방문형] 업사이클 소잉디자이너 - 환경제품 디자이너,모아협동조합,민간기업,제품 디자이너,현장직업체험형,Y,Y,Y,36.7788002700502,127.098775200651,20,유료,25000.0,2.0,79001,,62001.0,충남 아산시,체험처
706,[학교방문형] 업사이클 소잉디자이너 - 환경제품 디자이너,모아협동조합,민간기업,제품 디자이너,현장직업체험형,Y,Y,Y,36.7788002700502,127.098775200651,10,유료,45000.0,2.0,79001,,62001.0,충남 아산시,체험처
705,[학교방문형]미술 심리 치료사 알아보기,잘그리는아이,개인사업장,상담심리/심리치료,학과체험형,Y,Y,Y,36.81487878828055,127.11376599667229,30,유료,11000.0,2.0,79001,,,충남 천안시,학교
704,[학교방문형]미술 심리 치료사 알아보기,잘그리는아이,개인사업장,상담심리/심리치료,학과체험형,Y,Y,Y,36.81487878828055,127.11376599667229,30,유료,12000.0,2.0,79001,,,충남 천안시,학교
703,[학교방문형] 이모티콘 디자이너 알아보기,잘그리는아이,개인사업장,이미지디자인,학과체험형,Y,Y,Y,36.81487878828055,127.11376599667229,35,유료,10000.0,2.0,79001,,,충남 천안시,학교
702,2026 하반기 온라인 멘토링'박학다식',공주진로직업체험지원센터,청소년/시민단체,중·고등학교 교사,대화형,Y,Y,Y,,,30,무료,,30.0,79002,,,,온라인
701,"모델 교육으로 자신감을 키우는 자세와 워킹, 자기표현 클래스",에스팀,민간기업,배우 및 모델,직업실무체험형,Y,Y,Y,37.5729741421976,126.983853735722,40,유료,20000.0,2.0,79001,,,서울 종로구,체험처
700,도전! 목포플레이파크,목포플레이파크,민간기업,기타 스포츠 및 여가서비스 종사원,현장직업체험형,Y,Y,Y,34.7948205727486,126.419157460033,20,유료,20000.0,2.0,79001,,,전남 목포시,체험처
699,라디오와 지역 문제 해결,(사)청암송건호기념사업회,민간기업,감독 및 기술감독,현장견학형,Y,,,36.299368777754765,127.56684809077828,5,무료,,3.0,79001,,,충북 옥천군,체험처
698,[서울경기] 로봇기계설계기술자-스네이크로봇,조이에듀,개인사업장,로봇공학 기술자 및 연구원,직업실무체험형,Y,Y,,37.6389511878959,127.124442243793,1000,유료,16000.0,2.0,79001,,,경기 구리시,학교
697,[서울경기] 완구디자이너-슈팅디스크,조이에듀,개인사업장,감성완구,직업실무체험형,Y,Y,,37.6389511878959,127.124442243793,1000,유료,15000.0,2.0,79001,,,경기 구리시,학교
696,[서울경기] 제품디자이너-스탄카,조이에듀,개인사업장,제품 디자이너,직업실무체험형,Y,Y,,37.6389511878959,127.124442243793,1000,유료,15000.0,2.0,79001,,,경기 구리시,학교
695,[서울경기] 항공정비기술자-엑스자이로,조이에듀,개인사업장,항공기 정비원,직업실무체험형,Y,Y,,37.6389511878959,127.124442243793,1000,유료,16000.0,2.0,79001,,,경기 구리시,학교
694,[서울경기] 비행기조종사-전동비행기,조이에듀,개인사업장,항공기 조종사,직업실무체험형,Y,Y,,37.6389511878959,127.124442243793,1000,유료,18000.0,2.0,79001,,,경기 구리시,학교
693,[서울경기] 로봇제어기술자-스텝봇,조이에듀,개인사업장,로봇공학 기술자 및 연구원,직업실무체험형,Y,Y,,37.6389511878959,127.124442243793,1000,유료,21000.0,2.0,79001,,,경기 구리시,학교
692,[서울경기] 항공우주공학자-스카이플랩버드,조이에듀,개인사업장,항공우주공학,직업실무체험형,Y,Y,,37.6389511878959,127.124442243793,1000,유료,24000.0,2.0,79001,,,경기 구리시,학교
691,"[방사선학과] 보이지 않는 세계를 보는 눈, 방사선학과",극동대학교,학교/대학교,방사선과학,학과체험형,,Y,Y,37.1282549251378,127.641870971257,100,무료,,2.0,79001,,62002.0,충북 음성군,체험처
690,[서울경기] 로봇공학자-축구로봇,조이에듀,개인사업장,로봇공학 기술자 및 연구원,직업실무체험형,Y,Y,,37.6389511878959,127.124442243793,1000,유료,28000.0,2.0,79001,,,경기 구리시,학교
689,나무이야기 찾아가는 목공체험-곰돌이 연필꽂이 만들기,대전나무이야기,민간기업,목재 가공기계 조작원,직업실무체험형,Y,Y,Y,36.362311238100034,127.43516848235026,20,유료,25000.0,2.0,79001,,,대전 대덕구,학교
688,생활목공 체험교실 - 원목 트레이 만들기,(유)사각사각,개인사업장,공예원,직업실무체험형,Y,Y,Y,35.9442573002663,126.949596296943,40,유료,20000.0,2.0,79001,,,전북 익산시,학교
687,나무이야기 찾아가는 목공체험교실-간식트레이 만들기,대전나무이야기,민간기업,제품 디자이너,직업실무체험형,Y,Y,Y,36.3623265966611,127.435182606822,20,유료,25000.0,2.0,79001,,,대전 대덕구,학교
686,인쇄 직업 진로체험 - 옛날 인쇄기로 책갈피 만들기(인쇄공),출판도시활판인쇄박물관,민간기업,기타,직업실무체험형,Y,,,37.7085496415678,126.686833634678,20,유료,10000.0,1.0,79001,,62001.0,경기 파주시,체험처
685,생활목공 체험교실 - 미니 책꽂이 만들기,(유)사각사각,개인사업장,공예원,직업실무체험형,Y,Y,Y,35.9442573002663,126.949596296943,40,유료,35000.0,2.0,79001,,,전북 익산시,체험처
684,"[환경교육] 나무의 새로운 시작, 업사이클링 목공",(유)사각사각,개인사업장,공예원,직업실무체험형,Y,Y,Y,35.9442573002663,126.949596296943,40,유료,20000.0,2.0,79001,,,전북 익산시,학교
683,3D펜 책갈피 만들기,헤리티지공예,개인사업장,기타 시각 및 공연 예술가,현장직업체험형,Y,Y,,37.5509646154242,126.849533759514,15,유료,15000.0,2.0,79001,,,서울 강서구,체험처
682,3D펜 북클립 만들기,헤리티지공예,개인사업장,기타 시각 및 공연 예술가,현장직업체험형,Y,Y,,37.5509646154242,126.849533759514,15,유료,15000.0,2.0,79001,,,서울 강서구,체험처
681,[특수학급] 꿈을 만드는 생활목공 교실,(유)사각사각,개인사업장,공예원,현장직업체험형,Y,Y,Y,35.9442573002663,126.949596296943,40,유료,20000.0,2.0,79001,,,전북 익산시,학교
680,뷰티 전문가의 고객 상담 체험 – 피부관리사가 되어 상담해 보자!,김포 구래 피부관리 오늘도 예쁨,개인사업장,피부 및 체형 관리사,현장직업체험형,Y,Y,Y,37.6437250386719,126.625092922928,12,유료,10000.0,2.0,79001,,,경기 김포시,체험처
679,2026 찾아가는 과학교실,(주)유스페이스,민간기업,자연과학 연구원 및 시험원,직업실무체험형,Y,Y,Y,37.6125857877932,127.151716222848,500,유료,0.0,6.0,79001,,,경기 남양주시,체험처
678,2026 찾아가는 과학축제,(주)유스페이스,민간기업,자연과학 연구원 및 시험원,직업실무체험형,Y,Y,Y,37.6125857877932,127.151716222848,500,유료,0.0,6.0,79001,,,경기 남양주시,체험처
677,"인쇄 직업 진로체험 - 옛날 인쇄기로 문선책갈피 만들기(문선공,인쇄공)",출판도시활판인쇄박물관,민간기업,기타,직업실무체험형,Y,Y,Y,37.7085496415678,126.686833634678,20,유료,15000.0,2.0,79001,,62001.0,경기 파주시,체험처
676,창원 반려동물 진로체험 교실,펫빌리지 반려동물 문화센터,공공기관/공기업,반려동물 미용 및 관리 종사원,직업실무체험형,Y,Y,Y,35.1973355970266,128.663355988023,25,무료,,2.0,79001,,62001.0,경남 창원시,체험처
675,2026 찾아가는 과학공연,(주)유스페이스,민간기업,자연과학 연구원,직업실무체험형,Y,Y,Y,37.6125857877932,127.151716222848,500,유료,0.0,3.0,79001,,,경기 남양주시,학교
674,"향기로 만나는 나, MBTI 향수 조향 (학교) 30ml",리베르노(reverno) 공방,개인사업장,자연과학 연구원,직업실무체험형,Y,Y,Y,37.7305130820959,126.754807689335,100,유료,35000.0,2.0,79001,,,경기 파주시,학교
673,찻잎 넣은 손두부 만들기 (시식 가능),참곱다 농촌교육농장,개인사업장,식품 가공 기능원,현장직업체험형,Y,Y,Y,33.39422661628562,126.72375073314342,100,유료,16000.0,2.0,79001,,62001.0,제주 서귀포시,체험처
672,[부산] 2026 나도 요리사! 요리사 진로체험,미소쿡,개인사업장,주방장 및 요리 연구가,직업실무체험형,Y,Y,,35.2058795790036,128.996439253301,20,유료,30000.0,2.0,79001,,,부산 북구,체험처
671,친환경 에너지 데이터 분석가,사)우리,민간기업,컴퓨터 하드웨어 기술자 및 연구원,직업실무체험형,,Y,,34.9424127162918,126.617987896213,20,유료,50000.0,4.0,79001,,62001.0,전남 나주시,학교
670,2026년 학교연계프로그램 [진로연계교육-자율주행로봇],서산문화복지센터,공공기관/공기업,기타,직업실무체험형,Y,Y,,36.79237325926654,126.462911712972,450,무료,,2.0,79001,,62001.0,충남 서산시,체험처
669,AI 웹/앱 크리에이터,사)우리,민간기업,기타 컴퓨터 전문가 및 소프트웨어 전문가,직업실무체험형,,,Y,34.9424127162918,126.617987896213,20,유료,50000.0,4.0,79001,,62001.0,전남 나주시,학교
668,AI 드론 소방관,사)우리,민간기업,소방관,직업실무체험형,,,Y,34.9424127162918,126.617987896213,20,유료,50000.0,4.0,79001,,62001.0,전남 나주시,학교
667,[서울경기] 친환경자동차연구원-하이브리드듀얼카,조이에듀,개인사업장,자동차공학,직업실무체험형,Y,Y,,37.6389511878959,127.124442243793,1000,유료,21000.0,2.0,79001,,,경기 구리시,학교
666,호수목장 피자 만들기 체험,호수목장,개인사업장,낙농 종사원,직업실무체험형,Y,Y,Y,36.849346041338194,128.63814680513386,20,유료,25000.0,2.0,79001,,,경북 영주시,체험처
665,[서울경기] 드론조종사-플라잉옥타곤,조이에듀,개인사업장,항공기·선박·철도 조종사 및 관제사,직업실무체험형,Y,Y,,37.6389511878959,127.124442243793,1000,유료,21000.0,2.0,79001,,,경기 구리시,학교
664,[서울경기] 전투기조종사-파이팅이글,조이에듀,개인사업장,항공기 조종사,직업실무체험형,Y,Y,,37.6389511878959,127.124442243793,1000,유료,15000.0,2.0,79001,,,경기 구리시,학교
663,[서울경기] 음향공학기술자-블루투스스피커,조이에듀,개인사업장,음향물리,직업실무체험형,Y,Y,,37.6389511878959,127.124442243793,1000,유료,21000.0,2.0,79001,,,경기 구리시,학교
662,[서울경기] 자동차공학기술자-배트맨카,조이에듀,개인사업장,자동차공학,직업실무체험형,Y,Y,,37.6389511878959,127.124442243793,1000,유료,16000.0,2.0,79001,,,경기 구리시,학교
661,[서울경기] 전기공학기술자-로프건,조이에듀,개인사업장,전기공학 기술자 및 연구원,직업실무체험형,Y,Y,,37.6389511878959,127.124442243793,1000,유료,19000.0,2.0,79001,,,경기 구리시,학교
660,[서울경기] 항공우주공학자-로켓런처,조이에듀,개인사업장,항공우주공학,직업실무체험형,Y,Y,,37.6389511878959,127.124442243793,1000,유료,21000.0,2.0,79001,,,경기 구리시,학교
659,[서울경기] 무대조명기술자-레이저쇼프로젝터,조이에듀,개인사업장,조명·영사 기사,직업실무체험형,Y,Y,,37.6389511878959,127.124442243793,1000,유료,21000.0,2.0,79001,,,경기 구리시,학교
658,미래농업 드론 데이터 분석가,사)우리,민간기업,기타,직업실무체험형,,Y,,34.9424127162918,126.617987896213,20,유료,50000.0,4.0,79001,,62001.0,전남 나주시,학교
657,문화재 디지털 복원 전문가,사)우리,민간기업,기타,직업실무체험형,,Y,,34.942235687227424,126.61839034613628,20,유료,50000.0,4.0,79001,,62001.0,전남 나주시,학교
656,AI 드론 재난 수색 구조관,사)우리,민간기업,소방관,직업실무체험형,Y,,,34.942244597787166,126.61835746520124,20,유료,50000.0,4.0,79001,,62001.0,전남 나주시,학교
655,[서울경기] 미디어아트작가-라이팅스타,조이에듀,개인사업장,미디어 콘텐츠 디자이너,직업실무체험형,Y,Y,,37.6389511878959,127.124442243793,1000,유료,16000.0,2.0,79001,,,경기 구리시,학교
654,[서울경기] VR개발자-가상시뮬레이터,조이에듀,개인사업장,소프트웨어 개발자,직업실무체험형,Y,Y,,37.6389511878959,127.124442243793,1000,유료,15000.0,2.0,79001,,,경기 구리시,학교
653,드론 촬영 및 영상 크리에이터 전문가,사)우리,민간기업,촬영 기사,직업실무체험형,Y,,,34.94220833655999,126.61829195392262,20,유료,50000.0,4.0,79001,,62001.0,전남 나주시,학교
652,[서울경기] 생물공학연구원-UV박스,조이에듀,개인사업장,생명과학 연구원 및 시험원,직업실무체험형,Y,Y,,37.6389511878959,127.124442243793,1000,유료,16000.0,2.0,79001,,,경기 구리시,학교
651,호수목장 치즈 늘리기 체험,호수목장,개인사업장,낙농 종사원,직업실무체험형,Y,Y,Y,36.84935543491135,128.63811897784615,20,유료,20000.0,1.0,79001,,,경북 영주시,체험처
650,[서울경기] 조명디자이너-LED슬라임전구,조이에듀,개인사업장,시각 디자이너,직업실무체험형,Y,Y,,37.6389511878959,127.124442243793,1000,유료,15000.0,2.0,79001,,,경기 구리시,학교
649,[서울경기] 제품디자이너-LED스피너탑,조이에듀,개인사업장,제품 디자이너,직업실무체험형,Y,Y,,37.6389511878959,127.124442243793,1000,유료,15000.0,2.0,79001,,,경기 구리시,학교
648,[서울경기] 광고기획자-LED메세지팬,조이에듀,개인사업장,광고·조사·상품기획·행사기획 전문가,직업실무체험형,Y,Y,,37.6389511878959,127.124442243793,1000,유료,19000.0,2.0,79001,,,경기 구리시,학교
647,[서울경기] 기상캐스터-LED구름조명,조이에듀,개인사업장,아나운서 및 리포터,직업실무체험형,Y,Y,,37.6389511878959,127.124442243793,1000,유료,14000.0,2.0,79001,,,경기 구리시,학교
646,AI K-콘텐츠 크리에이터 프로젝트(AI와 함께 만드는 나만의 민화 · 책가도 · 십장생),넥스트이랩,개인사업장,공연·영화 및 음반 기획자,현장직업체험형,Y,Y,Y,35.238609802842,128.860374636,75,유료,5000.0,2.0,79001,,,경남 김해시,학교
645,"향기로 만나는 나, MBTI 향수 조향 (체험처) 30ml",리베르노(reverno) 공방,개인사업장,자연과학 연구원,직업실무체험형,Y,Y,Y,37.7305130820959,126.754807689335,15,유료,35000.0,2.0,79001,,,경기 파주시,체험처
644,바다유리 키캡키링만들기,수인공예문화협회,청소년/시민단체,제품 디자이너,직업실무체험형,Y,Y,Y,37.3207243639462,127.110784921318,100,유료,10000.0,1.0,79001,,,경기 용인시,학교
643,바다유리 키캡키링만들기,루시의 수인아트-수인공예문화협회(성남분당용인지부),청소년/시민단체,제품 디자이너,직업실무체험형,Y,Y,Y,37.3394082251428,127.114124795783,80,유료,10000.0,1.0,79001,,,경기 성남시,학교
642,조향사 직업체험(학교) – 나만의 향수(15ml) 만들기,리베르노(reverno) 공방,개인사업장,자연과학 연구원,직업실무체험형,Y,Y,Y,37.7305130820959,126.754807689335,100,유료,28000.0,2.0,79001,,,경기 파주시,학교
641,조향사 직업체험(체험처) – 나만의 향수(15ml) 만들기,리베르노(reverno) 공방,개인사업장,자연과학 연구원,직업실무체험형,Y,Y,Y,37.7305130820959,126.754807689335,15,유료,28000.0,2.0,79001,,,경기 파주시,체험처
640,조향사 직업체험(학교) – 나만의 향수(30ml) 만들기,리베르노(reverno) 공방,개인사업장,자연과학 연구원,직업실무체험형,Y,Y,Y,37.7305130820959,126.754807689335,100,유료,35000.0,2.0,79001,,,경기 파주시,학교
639,스마트 배달로봇 전문가,사)우리,민간기업,로봇공학 기술자 및 연구원,직업실무체험형,Y,,,34.94214558441074,126.61840171009436,20,유료,50000.0,4.0,79001,,62001.0,전남 나주시,학교
638,로봇공학자,사)우리,민간기업,로봇공학 기술자 및 연구원,직업실무체험형,Y,,,34.94226245327348,126.61830264970466,20,유료,50000.0,4.0,79001,,62001.0,전남 나주시,학교
637,찾아가는 AI 활용 창업 프로젝트,시립보라매청소년센터,청소년/시민단체,인공지능시스템및응용,직업실무체험형,,Y,Y,37.493868600332,126.921806283465,30,무료,,2.0,79001,,62001.0,서울 동작구,학교
636,3D 공간 디자이너,사)우리,민간기업,시각 디자이너,직업실무체험형,Y,,,34.942217315885344,126.61828096576532,20,유료,50000.0,4.0,79001,,62001.0,전남 나주시,학교
635,게임기반진로캠프 Into Space,스프링캠프,민간기업,연구직 및 공학 기술직,캠프형,,Y,,35.81493655403792,128.52270608311952,300,유료,20000.0,6.0,79001,,62001.0,대구 달서구,학교
634,전시관에서 본 커피의 세계,커피그라인더전시관 '말베르크',민간기업,음료 조리사,현장견학형,Y,Y,Y,37.6228642982568,127.077159062429,60,유료,20000.0,2.0,79001,,,서울 노원구,체험처
633,[서울경기] 기계설계기술자-3차원측정자,조이에듀,개인사업장,기계·로복공학 기술자 및 시험원,직업실무체험형,Y,Y,,37.6389511878959,127.124442243793,1000,유료,12000.0,2.0,79001,,,경기 구리시,학교
632,한방비누공방,허준박물관,공공기관/공기업,한의학,현장견학형,Y,,,37.5678724473689,126.851031243879,60,유료,2300.0,15.0,79001,,,서울 강서구,체험처
631,풍선아트와 함께하는 파티플래너 직업체험,바이언(언블리_버블),개인사업장,실내장식 디자이너,직업실무체험형,Y,Y,Y,35.3096506132048,129.026431487405,10,유료,25000.0,2.0,79001,,,경남 양산시,체험처
630,스마트폰으로 증명사진 만들기,사진관열두달,개인사업장,사진작가 및 사진사,직업실무체험형,Y,,,37.526940570568,126.786561870048,40,유료,15000.0,3.0,79001,,,경기 부천시,학교
629,우드카빙의 세계와 직업:솟대만들기,(협)추사라이브러리,민간기업,기타,직업실무체험형,,Y,,36.6826228017856,126.848642241312,30,유료,20000.0,1.0,79001,,62001.0,충남 예산군,체험처
628,글라스 너머의 세계 : 와인에티켓,숭실호스피탈리티직업전문학교,학교/대학교,호텔/외식산업경영,학과체험형,,Y,Y,37.49547790459594,126.95950504941489,20,무료,,2.0,79001,,62001.0,서울 동작구,체험처
627,[네일 아티스트 직업 체험] 나의 개성을 담은 수제 네일팁 제작,제이뷰티,개인사업장,미용사,직업실무체험형,,Y,,36.5993817179231,128.202031015247,7,유료,32000.0,2.0,79001,,,경북 문경시,체험처
626,베이킹 클래스,우디협동조합(우디베이커리랩),개인사업장,제과·제빵원,현장직업체험형,Y,,,37.2853768875861,127.60820273823,20,유료,40000.0,2.0,79001,,,경기 여주시,체험처
625,알록달록 비즈 팔찌 만들기,충주액세서리 링963봄,개인사업장,패션 디자이너,직업실무체험형,Y,Y,Y,36.9709147170515,127.932214623269,50,유료,10000.0,1.0,79001,,,충북 충주시,학교
624,"[부산·울산·경남]한국과학창의재단_세포 속 DNA 해독, 생태 유전자 연구원",한국과학창의재단,공공기관/공기업,식물생명공학,직업실무체험형,,,Y,37.500722082344,127.030768815378,30,무료,,2.0,79001,,,서울 강남구,학교
623,"[부산·울산·경남]한국과학창의재단_데이터로 만드는 발걸음, 스마트 신발 연구원",한국과학창의재단,공공기관/공기업,메카트로닉스,직업실무체험형,,,Y,37.50330099454949,127.03291052817713,20,무료,,2.0,79001,,,서울 강남구,학교
622,"[부산·울산·경남]한국과학창의재단_기후를 지키는 기술, 탄소 제로 연구원",한국과학창의재단,공공기관/공기업,가스·에너지공학 기술자 및 연구원,직업실무체험형,,,Y,37.500722082344,127.030768815378,20,무료,,2.0,79001,,,서울 강남구,학교
621,AI를 활용한 나만의 공간디자인,인덕과학기술고등학교,학교/대학교,생활/실내디자인,학과체험형,,Y,,37.632720260565065,127.05613541199378,15,무료,,2.0,79001,,,서울 노원구,학교
620,모빌리티 진로체험 '달려드림',양산진로교육지원센터,공공기관/공기업,기타,캠프형,,,Y,35.34275356861619,129.0321908143044,9999,무료,,4.0,79001,5.0,62001.0,경남 양산시,체험처
619,카지노 딜러 체험,인천경문실용전문학교,민간기업,관광사업/레져사업,현장직업체험형,,Y,Y,37.5176355485615,126.720109563237,20,유료,20000.0,3.0,79001,,62001.0,인천 부평구,체험처
618,원목으로 2칸 정리함 만들기,우드공작소빈,개인사업장,목제품 제조원,직업실무체험형,Y,Y,Y,35.2308506950563,128.507106105168,20,유료,28000.0,2.0,79001,,62001.0,경남 창원시,학교
617,"[부산·울산·경남]한국과학창의재단_울산의 미래 코드, 미래 배터리·유전자 연구원",한국과학창의재단,공공기관/공기업,화학공학,직업실무체험형,,,Y,37.500722082344,127.030768815378,30,무료,,2.0,79001,5.0,,서울 강남구,학교
616,"[부산·울산·경남]한국과학창의재단_생명을 살리는 한 방울의 과학, 수질 연구원",한국과학창의재단,공공기관/공기업,환경공학,직업실무체험형,,Y,,37.500722082344,127.030768815378,20,무료,,2.0,79001,,,서울 강남구,학교
615,"[부산·울산·경남]한국과학창의재단_스스로 길을 찾는, 자율주행 로봇 엔지니어",한국과학창의재단,공공기관/공기업,로보틱스/로봇공학,직업실무체험형,,Y,,37.500722082344,127.030768815378,30,무료,,2.0,79001,,,서울 강남구,학교
614,"[부산·울산·경남]한국과학창의재단_우주를 향한 통신, 인공위성 제작 엔지니어",한국과학창의재단,공공기관/공기업,항공우주공학,직업실무체험형,,Y,,37.500722082344,127.030768815378,30,무료,,2.0,79001,,,서울 강남구,학교
613,원목으로 4칸 정리함 만들기,우드공작소빈,개인사업장,목제품 제조원,직업실무체험형,Y,Y,Y,35.2308506950563,128.507106105168,20,유료,35000.0,3.0,79001,,62001.0,경남 창원시,학교
612,천연가죽으로 접이식 카드지갑 만들기 (베지터블 라탄엠보),우드공작소빈,개인사업장,제품 디자이너,직업실무체험형,Y,Y,Y,35.2308506950563,128.507106105168,15,유료,33000.0,3.0,79001,,62001.0,경남 창원시,학교
611,[광주·전북] 한국과학창의재단_과학 커뮤니케이터,한국과학창의재단,공공기관/공기업,교육학,직업실무체험형,,Y,,37.500722082344,127.030768815378,25,무료,,2.0,79001,,,서울 강남구,학교
610,"[부산·울산·경남]한국과학창의재단_AI로 완성하는 60초의 큐사인, AI 영상 감독",한국과학창의재단,공공기관/공기업,미디어 콘텐츠 디자이너,직업실무체험형,,Y,,37.500722082344,127.030768815378,30,무료,,2.0,79001,,,서울 강남구,학교
609,"[부산·울산·경남]한국과학창의재단_바람을 전기로, 신재생 에너지 전문가",한국과학창의재단,공공기관/공기업,가스·에너지공학 기술자 및 연구원,직업실무체험형,Y,,,37.500722082344,127.030768815378,30,무료,,2.0,79001,,,서울 강남구,학교
608,"[부산·울산·경남]한국과학창의재단_밀양의 선율을 잇는, AI 음악 제작자",한국과학창의재단,공공기관/공기업,음악학,직업실무체험형,Y,,,37.500722082344,127.030768815378,20,무료,,2.0,79001,,,서울 강남구,학교
607,"[부산·울산·경남]한국과학창의재단_입체 홀로그램, 실감형 미디어 아트 디렉터",한국과학창의재단,공공기관/공기업,미디어산업,직업실무체험형,Y,,,37.500722082344,127.030768815378,30,무료,,2.0,79001,,,서울 강남구,학교
606,[광주·전북] 한국과학창의재단_지역음식관광코디네이터,한국과학창의재단,공공기관/공기업,식품공학,직업실무체험형,Y,,,37.500722082344,127.030768815378,25,무료,,2.0,79001,5.0,,서울 강남구,학교
605,브라이트닝 수분크림,포르타센트,개인사업장,공예,직업실무체험형,Y,Y,Y,37.5255263184118,126.672977093178,12,유료,20000.0,1.0,79001,,,인천 서해구,체험처
604,2026년 드림Up 창업플러스 - 굿즈 창작 동아리,용인미래교육센터,공공기관/공기업,기타,직업실무체험형,,,Y,37.27943223466525,127.1091166594763,42,무료,,2.0,79001,,,경기 용인시,학교
603,2026년 드림Up 창업플러스 - 나이스탑 동아리,용인미래교육센터,공공기관/공기업,기타,직업실무체험형,,,Y,37.27943223466525,127.1091166594763,55,무료,,2.0,79001,,,경기 용인시,학교
602,2026 현장직업체험 시립보라매청소년센터(항공우주),시립보라매청소년센터,청소년/시민단체,기타,현장직업체험형,Y,Y,Y,37.49388221211905,126.92181622034632,12,무료,,2.0,79001,,62001.0,서울 동작구,체험처
601,솔로몬과 함께하는 모의법정 체험,익산학생교육문화관,공공기관/공기업,법률전문가,현장견학형,Y,Y,Y,35.9389646516551,126.960653802353,25,무료,,2.0,79001,,62001.0,전북 익산시,체험처
600,"[부산·울산·경남]한국과학창의재단_아이디어를 현실로, 3D 프린팅 부품 제작자",한국과학창의재단,공공기관/공기업,기계공학,직업실무체험형,Y,,,37.500722082344,127.030768815378,20,무료,,2.0,79001,,,서울 강남구,학교
599,"[부산·울산·경남]한국과학창의재단_젖지 않는 천, 나노 섬유공학 기술자",한국과학창의재단,공공기관/공기업,섬유공학,직업실무체험형,Y,,,37.500722082344,127.030768815378,20,무료,,2.0,79001,,,서울 강남구,학교
598,"[부산·울산·경남]한국과학창의재단_따뜻한 빛의 설계, 보조공학 기기 디자이너",한국과학창의재단,공공기관/공기업,반도체센서,직업실무체험형,Y,,,37.500722082344,127.030768815378,20,무료,,2.0,79001,,,서울 강남구,학교
597,"[부산·울산·경남]한국과학창의재단_내 책상 위 바다숲, 해양생태계 복원 전문가",한국과학창의재단,공공기관/공기업,환경공학,직업실무체험형,Y,,,37.500722082344,127.030768815378,30,무료,,2.0,79001,,,서울 강남구,학교
596,제철과일 마그넷 만들기,나예공방,개인사업장,도예,직업실무체험형,Y,Y,Y,35.1873022539068,128.802927944056,30,유료,10000.0,40.0,79001,,,경남 김해시,학교
595,뇌과학 분석을 통한 자기이해 및 학습법 캠프,(주)뿌리깊이,민간기업,기타,캠프형,,Y,Y,35.1927616526238,129.06762401749,25,유료,16000.0,4.0,79001,,,부산 연제구,학교
594,[진로멘토링] 로봇코딩전문가(3차시),원메이커랩,개인사업장,연구직 및 공학 기술직,대화형,,Y,,35.5438097037233,129.330091790831,100,유료,120000.0,3.0,79001,,62001.0,울산 남구,체험처
593,[진로멘토링] 반도체공학자(3차시),원메이커랩,개인사업장,설치·정비·생산직,대화형,,Y,,35.5438097037233,129.330091790831,100,유료,120000.0,3.0,79001,,62001.0,울산 남구,체험처
592,뇌 과학 분석을 통한 진로 설계 캠프,(주)뿌리깊이,민간기업,기타,캠프형,,Y,Y,35.1927616526238,129.06762401749,25,유료,16000.0,4.0,79001,,,부산 연제구,학교
591,[진로멘토링] 메이커전문가,(주)영진에듀,개인사업장,기타,대화형,,Y,,35.5438097037233,129.330091790831,100,유료,80000.0,2.0,79001,5.0,62001.0,울산 남구,체험처
590,"[부산·울산·경남]한국과학창의재단_버려진 가치의 생명, 재활용 제품 기획자",한국과학창의재단,공공기관/공기업,환경디자인,직업실무체험형,Y,,,37.500722082344,127.030768815378,30,무료,,2.0,79001,5.0,,서울 강남구,학교
589,[광주·전북] 한국과학창의재단_치유농업사,한국과학창의재단,공공기관/공기업,관광학,직업실무체험형,Y,,,37.500722082344,127.030768815378,10,무료,,2.0,79001,,,서울 강남구,학교
588,[광주·전북] 한국과학창의재단_문화재해설사,한국과학창의재단,공공기관/공기업,관광학,직업실무체험형,Y,,,37.500722082344,127.030768815378,10,무료,,2.0,79001,,,서울 강남구,학교
587,[광주·전북] 한국과학창의재단_푸드테크 개발자,한국과학창의재단,공공기관/공기업,식품공학,직업실무체험형,,,Y,37.500722082344,127.030768815378,25,무료,,2.0,79001,,,서울 강남구,학교
586,[광주·전북] 한국과학창의재단_의료기기 개발 전문가,한국과학창의재단,공공기관/공기업,자연·생명과학 연구직,직업실무체험형,,,Y,37.500722082344,127.030768815378,25,무료,,2.0,79001,,,서울 강남구,학교
585,손끝의 기술로 가치를 만드는 <가죽공예가> 진로체험,예랑공방,개인사업장,기타 섬유·가죽 기능원,직업실무체험형,Y,Y,Y,36.30213830884005,127.56955128075718,200,무료,,2.0,79001,,,충북 옥천군,체험처
584,손끝으로 만드는 예술 화과자 만들기,영화당,개인사업장,기타 조리사,현장직업체험형,Y,Y,,36.2813453651768,126.911500314641,50,유료,40000.0,2.0,79001,,,충남 부여군,체험처
583,언 러닝 (Unlearning) 캠프 - AI 시대 새로운 학습법,(주)뿌리깊이,민간기업,기타,캠프형,,Y,Y,35.1927616526238,129.06762401749,25,유료,16000.0,4.0,79001,,,부산 연제구,학교
582,[진로멘토링] 제품(굿즈) 디자이너(3차시),멍냥사랑방,개인사업장,디자이너,대화형,,Y,,35.5438097037233,129.330091790831,100,유료,120000.0,3.0,79001,,,울산 남구,체험처
581,펄프아트 × AI 포스터: 지구를 위한 창작 수업(버려지는 휴지가 기후행동 포스터가 되다),컬처포이즈(대전),개인사업장,미디어 콘텐츠 디자이너,직업실무체험형,Y,Y,Y,36.3320158296221,127.428867617893,10,유료,35000.0,2.0,79001,,,대전 동구,체험처
580,[진로멘토링] 기계공학자(3차시),더이음교육 주식회사,민간기업,건설·채굴 연구개발직 및 공학 기술직,대화형,,Y,,35.5438097037233,129.330091790831,100,유료,120000.0,3.0,79001,,,울산 남구,체험처
579,[광주·전북] 한국과학창의재단_여행 기획자,한국과학창의재단,공공기관/공기업,관광경영/경제,직업실무체험형,,,Y,37.500722082344,127.030768815378,25,무료,,2.0,79001,,,서울 강남구,학교
578,[광주·전북] 한국과학창의재단_항공우주공학기술자,한국과학창의재단,공공기관/공기업,항공우주공학,직업실무체험형,,Y,,37.500722082344,127.030768815378,27,무료,,2.0,79001,,,서울 강남구,학교
577,[광주·전북] 한국과학창의재단_AI 진로체험 코디네이터,한국과학창의재단,공공기관/공기업,교육공학,직업실무체험형,,Y,,37.500722082344,127.030768815378,25,무료,,2.0,79001,,,서울 강남구,학교
576,[광주·전북] 한국과학창의재단_AI 아티스트,한국과학창의재단,공공기관/공기업,인공지능,직업실무체험형,,Y,,37.500722082344,127.030768815378,30,무료,,2.0,79001,,,서울 강남구,학교
575,[광주·전북] 한국과학창의재단_토목공학기술자,한국과학창의재단,공공기관/공기업,토목공학,직업실무체험형,,Y,,37.500722082344,127.030768815378,25,무료,,2.0,79001,,,서울 강남구,학교
574,[광주·전북] 한국과학창의재단_소셜네트워크서비스마케터,한국과학창의재단,공공기관/공기업,산업디자인,직업실무체험형,,Y,,37.500722082344,127.030768815378,30,무료,,2.0,79001,,,서울 강남구,학교
573,[진로멘토링] 생명공학자(3차시),더이음교육 주식회사,민간기업,자연·생명과학 연구직,대화형,,Y,,35.5438097037233,129.330091790831,100,유료,120000.0,3.0,79001,,,울산 남구,체험처
572,[진로멘토링] 산업공학연구원(3차시),더이음교육 주식회사,민간기업,자연·생명과학 연구직,대화형,,Y,,35.5438097037233,129.330091790831,100,유료,120000.0,3.0,79001,,,울산 남구,체험처
571,[진로멘토링] 3D모델링 전문가(3차시),(주)영진에듀,개인사업장,예술·디자인·방송직,대화형,,Y,,35.5438097037233,129.330091790831,100,유료,120000.0,3.0,79001,,62001.0,울산 남구,체험처
570,[체험형] 찾진&멘토링 [업사이클공예가-환경달력돌고래섬유인형],핸디스토리(핸드메이드공방),개인사업장,예술·디자인·방송직,직업실무체험형,,Y,,35.5438097037233,129.330091790831,100,유료,15000.0,2.0,79001,,,울산 남구,체험처
569,[광주·전북] 한국과학창의재단_빅데이터 전문가,한국과학창의재단,공공기관/공기업,인공지능,직업실무체험형,,Y,,37.500722082344,127.030768815378,25,무료,,2.0,79001,,,서울 강남구,학교
568,[광주·전북] 한국과학창의재단_미디어콘텐츠창작자,한국과학창의재단,공공기관/공기업,영상학,직업실무체험형,,Y,,37.500722082344,127.030768815378,26,무료,,2.0,79001,5.0,,서울 강남구,학교
567,[광주·전북] 한국과학창의재단_항공공학기술자,한국과학창의재단,공공기관/공기업,항공우주공학,직업실무체험형,Y,,,37.500722082344,127.030768815378,30,무료,,2.0,79001,,,서울 강남구,학교
566,[광주·전북] 한국과학창의재단_메타버스 크리에이터,한국과학창의재단,공공기관/공기업,컴퓨터학,직업실무체험형,Y,,,37.500722082344,127.030768815378,25,무료,,2.0,79001,,,서울 강남구,학교
565,[광주·전북] 한국과학창의재단_기후변화 대응 전문가,한국과학창의재단,공공기관/공기업,환경공학,직업실무체험형,Y,,,37.500722082344,127.030768815378,25,무료,,2.0,79001,,,서울 강남구,학교
564,[광주·전북] 한국과학창의재단_적정기술 엔지니어,한국과학창의재단,공공기관/공기업,환경공학,직업실무체험형,Y,,,37.500722082344,127.030768815378,25,무료,,2.0,79001,,,서울 강남구,학교
563,[체험형] 찾진&멘토링 [업사이클링공예가-나만의다이어리],핸디스토리(핸드메이드공방),개인사업장,미용·여행·숙박·음식·경비·청소직,직업실무체험형,,Y,,35.5438097037233,129.330091790831,100,유료,15000.0,2.0,79001,,,울산 남구,체험처
562,[체험형] 찾진&멘토링 [조향사-그림책 꽃놀이],플라란,개인사업장,미용 서비스원,직업실무체험형,Y,,,35.5438097037233,129.330091790831,100,유료,15000.0,2.0,79001,,,울산 남구,체험처
561,[체험형] 찾진&멘토링 [글라스아트 공예가-카네이션 액자],핸디스토리(핸드메이드공방),개인사업장,예술·디자인·방송직,직업실무체험형,,Y,,35.5438097037233,129.330091790831,100,유료,15000.0,2.0,79001,,,울산 남구,체험처
560,반려동물직업체험,미유즈랩,개인사업장,반려동물 미용 및 관리 종사원,현장직업체험형,Y,Y,Y,35.0863938157981,128.896787329086,100,유료,10000.0,2.0,79001,,,부산 강서구,학교
559,[광주·전북] 한국과학창의재단_로봇 윤리학자,한국과학창의재단,공공기관/공기업,기계공학,직업실무체험형,Y,,,37.500722082344,127.030768815378,25,무료,,2.0,79001,,,서울 강남구,학교
558,[광주·전북] 한국과학창의재단_나무의사,한국과학창의재단,공공기관/공기업,조경학,직업실무체험형,Y,,,37.500722082344,127.030768815378,25,무료,,2.0,79001,4.0,,서울 강남구,학교
557,[광주·전북] 한국과학창의재단_기계공학자,한국과학창의재단,공공기관/공기업,기계공학,직업실무체험형,Y,,,37.500722082344,127.030768815378,25,무료,,2.0,79001,,,서울 강남구,학교
556,[대구·경북] 한국과학창의재단_쓸모의 재탄생 업사이클 창업 설계소,한국과학창의재단,공공기관/공기업,자원환경,직업실무체험형,,,Y,37.500722082344,127.030768815378,100,무료,,2.0,79001,,,서울 강남구,학교
555,[대구·경북] 한국과학창의재단_긴급미션! AI 직업 해킹하기,한국과학창의재단,공공기관/공기업,컴퓨터/인공지능,직업실무체험형,Y,Y,Y,37.500722082344,127.030768815378,100,무료,,2.0,79001,,,서울 강남구,학교
554,드론과 함께 여는 미래 직업 탐험,글로벌드론항공,민간기업,기타,직업실무체험형,,Y,Y,35.2152875124608,126.880778637147,50,유료,15000.0,2.0,79001,,62001.0,광주 북구,학교
553,"[환경수업] 지구를 지키는 습관, 고체 샴푸바 만들기",프롬미투유,개인사업장,공예,현장직업체험형,Y,Y,Y,35.8540464844596,128.613811887915,10,유료,30000.0,1.0,79001,,,대구 수성구,체험처
552,[공예진로체험] 반짝이는 글라스아트 도어벨 ·썬캐쳐 만들기,프롬미투유,개인사업장,공예,직업실무체험형,Y,Y,Y,35.8540464844596,128.613811887915,10,유료,35000.0,2.0,79001,,,대구 수성구,체험처
551,꿈채교육 진로축제 - 학생 참여형 직업체험 페스티벌,꿈채교육,개인사업장,진로교육,직업실무체험형,Y,Y,Y,37.54490048457409,127.0562279162475,1000,유료,1.0,3.0,79001,,,서울 성동구,학교
550,2026년 WISET-한국생명공학연구원 진로 멘토링,한국여성과학기술인육성재단,공공기관/공기업,생명과학 연구원,현장견학형,Y,Y,Y,37.500722082344,127.030768815378,20,무료,,25.0,79001,,,대전 유성구,체험처
549,찾아가는 실감형 XR·AI 늘봄·진로체험 프로그램,엘콤,민간기업,응용 소프트웨어 개발자,강연형,Y,Y,Y,36.9910490160218,127.925961035784,100,유료,20000.0,1.0,79001,,62001.0,충북 충주시,학교
548,향기로 내 마음을 읽다! 몸과 마음을 돌보는 아로마테라피스트 진로체험,피움,개인사업장,기타,현장직업체험형,Y,Y,Y,35.2417790545971,129.020064569235,20,유료,25000.0,2.0,79001,,,부산 북구,체험처
547,[대구·경북] 한국과학창의재단_성장을 가르치는 빛 초등교사의 하루,한국과학창의재단,공공기관/공기업,초등교육,강연형,Y,Y,Y,37.500722082344,127.030768815378,100,무료,,2.0,79001,,,서울 강남구,학교
546,[대구·경북] 한국과학창의재단_하늘을 설계하는 차세대 랩 드론 전문가,한국과학창의재단,공공기관/공기업,항공우주공학,직업실무체험형,,Y,,37.500722082344,127.030768815378,300,무료,,2.0,79001,,,서울 강남구,학교
545,[대구·경북] 한국과학창의재단_지속 가능한 건축으로 공간을 상상하다,한국과학창의재단,공공기관/공기업,건축공학,직업실무체험형,,,Y,37.500722082344,127.030768815378,100,무료,,2.0,79001,,,서울 강남구,학교
544,[대구·경북] 한국과학창의재단_ 광고 기획 전문가와 함께하는 SNS 직업탐구,한국과학창의재단,공공기관/공기업,광고·홍보 전문가,직업실무체험형,,Y,,37.500722082344,127.030768815378,100,무료,,2.0,79001,,,서울 강남구,학교
543,[대구·경북] 한국과학창의재단_방구석 옷 덕후에서 프로 디자이너로,한국과학창의재단,공공기관/공기업,패션 디자이너,직업실무체험형,,Y,,37.500722082344,127.030768815378,100,무료,,2.0,79001,,,서울 강남구,학교
542,원목벽시계 냅킨아트 소품만들기,기현공방,개인사업장,공예,직업실무체험형,Y,Y,Y,36.34494985443678,127.44078088396232,500,유료,30000.0,2.0,79001,,62001.0,대전 동구,학교
541,찾아가는 실감형 XR·AI 늘봄·진로체험학습 프로그램,엘콤XR,민간기업,응용 소프트웨어 개발자,강연형,Y,Y,Y,37.0051786892816,127.823986559705,100,유료,40000.0,2.0,79001,,,충북 충주시,학교
540,[신산업진로체험] 인공지능(AI)-마이크로비트 허스키렌즈 체험,원메이커랩,개인사업장,연구직 및 공학 기술직,직업실무체험형,,Y,,35.5438097037233,129.330091790831,100,유료,17000.0,3.0,79001,5.0,62001.0,울산 남구,체험처
539,[신산업진로체험] AI웹툰- AI웹툰 제작 체험(3차시),원메이커랩,개인사업장,정보통신 연구 개발직 및 공학 기술직,직업실무체험형,,Y,,35.5438097037233,129.330091790831,100,유료,17000.0,3.0,79001,5.0,62001.0,울산 남구,체험처
538,[신산업진로체험] AI 웹 앱 개발자(바이브게임코딩)(3차시),원메이커랩,개인사업장,제조 연구개발직 및 공학 기술직,직업실무체험형,,Y,,35.5438097037233,129.330091790831,100,유료,17000.0,3.0,79001,5.0,62001.0,울산 남구,체험처
537,[대구·경북] 한국과학창의재단_ 피지컬 AI가 움직이는 스마트 팩토리,한국과학창의재단,공공기관/공기업,로봇공학/로보틱스,직업실무체험형,,,Y,37.500722082344,127.030768815378,100,무료,,2.0,79001,,,서울 강남구,학교
536,[대구·경북] 한국과학창의재단_예술과 기술을 연결하는 디지털 아티스트,한국과학창의재단,공공기관/공기업,문화·예술 기획자 및 매니저,직업실무체험형,Y,,,37.500722082344,127.030768815378,100,무료,,2.0,79001,,,서울 강남구,학교
535,[대구·경북] 한국과학창의재단_상상을 무대로 만드는 공연기획자,한국과학창의재단,공공기관/공기업,"창작·공연 전문가(작가, 연극 제외)",직업실무체험형,Y,,,37.500722082344,127.030768815378,100,무료,,2.0,79001,,,서울 강남구,학교
534,[대구·경북] 한국과학창의재단_가상과 현실사이! XR 세계 설계자들,한국과학창의재단,공공기관/공기업,멀티미디어/컴퓨터그래픽디자인,직업실무체험형,Y,,,37.500722082344,127.030768815378,200,무료,,2.0,79001,,,서울 강남구,학교
533,[대구·경북] 한국과학창의재단_나의 마음을 색으로 읽다! 컬러 테러피스트,한국과학창의재단,공공기관/공기업,디자인/예술심리,직업실무체험형,Y,,,37.500722082344,127.030768815378,100,무료,,2.0,79001,,,서울 강남구,학교
532,[진로멘토링] 신재생에너지전문가(3차시),(주)영진에듀,개인사업장,운전·운송직,대화형,Y,,,35.5438097037233,129.330091790831,100,유료,120000.0,3.0,79001,5.0,62001.0,울산 남구,체험처
531,(직업인멘토) 스마트가전 기획자,파주시진로진학지원센터,공공기관/공기업,광고·조사·상품기획·행사기획 전문가,직업실무체험형,Y,Y,Y,37.71252232580467,126.68660948639187,100,유료,10000.0,2.0,79001,,62001.0,경기 파주시,학교
530,컴퓨터응용선반/범용선반 기계가공하기,한국폴리텍대학 진주캠퍼스,학교/대학교,기계공학,직업실무체험형,,,Y,35.19020489026078,128.12751193604285,10,무료,,16.0,79001,,62001.0,경남 진주시,체험처
529,[대구·경북] 한국과학창의재단_나를 찾는 컬러 여행! 퍼스널 컬러,한국과학창의재단,공공기관/공기업,메이크업,직업실무체험형,Y,,,37.500722082344,127.030768815378,100,무료,,2.0,79001,,,서울 강남구,학교
528,[대구·경북] 한국과학창의재단_플레이어에서 메이커로! 게임 빌드업 프로젝트,한국과학창의재단,공공기관/공기업,소프트웨어 개발자,직업실무체험형,,Y,,37.500722082344,127.030768815378,100,무료,,2.0,79001,,,서울 강남구,학교
527,[충청] 한국과학창의재단_AI와 함께 떠나는 미래 직업 여행,한국과학창의재단,공공기관/공기업,진로교육,학과체험형,Y,Y,Y,37.500722082344,127.030768815378,25,무료,,2.0,79001,5.0,,서울 강남구,학교
526,[충청] 한국과학창의재단_스마트 해양 개발자,한국과학창의재단,공공기관/공기업,해양정보,학과체험형,Y,Y,,37.500722082344,127.030768815378,25,무료,,2.0,79001,,,서울 강남구,학교
525,[충청] 한국과학창의재단_미래 농업 전문가,한국과학창의재단,공공기관/공기업,농촌/농업시설관리,학과체험형,Y,Y,,37.500722082344,127.030768815378,25,무료,,2.0,79001,,,서울 강남구,학교
524,"공예디자이너(새활용공예-양말목공예,커피박 공예,페이퍼아트공예,섬유공예,캔재생아트)",손끝모아,개인사업장,기타,현장직업체험형,Y,Y,,36.89275311380892,126.62635763919378,20,유료,30000.0,2.0,79001,,,충남 당진시,학교
523,창의융합'3D펜',손끝모아,개인사업장,금속·재료공학 기술자 및 연구원,직업실무체험형,Y,Y,,36.89275307853193,126.62634642068798,20,유료,30000.0,2.0,79001,,,충남 당진시,학교
522,[진로멘토링] 신재생에너지전문가,(주)영진에듀,개인사업장,운전·운송직,대화형,Y,,,35.5438097037233,129.330091790831,100,유료,80000.0,2.0,79001,5.0,62001.0,울산 남구,체험처
521,[진로멘토링] 조향사,(주)영진에듀,개인사업장,미용 서비스원,대화형,Y,Y,,35.5438097037233,129.330091790831,100,유료,80000.0,2.0,79001,5.0,62001.0,울산 남구,체험처
520,바람을 담아 빚는 전통—바람떡 & 오미자 에이드 페어링,쿠킹아카데미학원,개인사업장,주방장 및 요리 연구가,직업실무체험형,,Y,,36.1005211484005,128.385000164526,30,무료,,2.0,79001,,62001.0,경북 구미시,체험처
519,[충청] 한국과학창의재단_신재생 에너지 전문가,한국과학창의재단,공공기관/공기업,가스·에너지공학 기술자 및 연구원,학과체험형,Y,,,37.500722082344,127.030768815378,25,무료,,2.0,79001,,,서울 강남구,학교
518,[충청] 한국과학창의재단_책임안전 Ai 서비스 개발자,한국과학창의재단,공공기관/공기업,인공지능/전문가시스템응용,학과체험형,,,Y,37.500722082344,127.030768815378,25,무료,,2.0,79001,,,서울 강남구,학교
517,[충청] 한국과학창의재단_스마트 도시 설계자,한국과학창의재단,공공기관/공기업,도시개발/계획,학과체험형,Y,,,37.500722082344,127.030768815378,25,무료,,2.0,79001,,,서울 강남구,학교
516,[충청] 한국과학창의재단_Ai와 함께 만드는 게임 개발자,한국과학창의재단,공공기관/공기업,웹 개발자,학과체험형,,Y,Y,37.500722082344,127.030768815378,25,무료,,2.0,79001,,,서울 강남구,학교
515,[충청] 한국과학창의재단_Ai와 함께 만드는 소프트웨어 개발자,한국과학창의재단,공공기관/공기업,소프트웨어 개발자,학과체험형,,Y,Y,37.500722082344,127.030768815378,25,무료,,2.0,79001,,,서울 강남구,학교
514,[진로멘토링] 디스플레이전문가,(주)영진에듀,개인사업장,예술·디자인·방송직,대화형,Y,Y,,35.5438097037233,129.330091790831,200,유료,80000.0,2.0,79001,5.0,62001.0,울산 남구,체험처
513,포테이토 에그터널 샌드위치 + 초코 스모어 쿠키,쿠킹아카데미학원,개인사업장,양식 조리사,현장직업체험형,,Y,,36.1005211484005,128.385000164526,30,무료,,2.0,79001,,62001.0,경북 구미시,체험처
512,집에서도 레스토랑처럼—찹스테이크 & 부르스게타 홈다이닝,쿠킹아카데미학원,개인사업장,양식 조리사,직업실무체험형,,Y,,36.1005211484005,128.385000164526,30,무료,,2.0,79001,,62001.0,경북 구미시,체험처
511,정갈함은 디테일에서 시작된다—소고기 유부 & 오이 타타키,쿠킹아카데미학원,개인사업장,일식 조리사,직업실무체험형,,Y,,36.1005211484005,128.385000164526,30,무료,,2.0,79001,,62001.0,경북 구미시,체험처
510,한 손에 들고 떠나는 피크닉—컬러 꼬치구이 & 참치 오니기리,쿠킹아카데미학원,개인사업장,일식 조리사,직업실무체험형,,Y,,36.10052238660507,128.38508013542193,30,무료,,2.0,79001,,62001.0,경북 구미시,체험처
509,[충청] 한국과학창의재단_컴퓨터 보안 개발자 : 모의해킹게임,한국과학창의재단,공공기관/공기업,컴퓨터보안,학과체험형,,Y,Y,37.500722082344,127.030768815378,25,무료,,2.0,79001,,,서울 강남구,학교
508,[충청] 한국과학창의재단_XR 콘텐츠 제작자,한국과학창의재단,공공기관/공기업,가상현실,학과체험형,Y,,,37.500722082344,127.030768815378,25,무료,,2.0,79001,,,서울 강남구,학교
507,[충청] 한국과학창의재단_차세대 디스플레이 전문가,한국과학창의재단,공공기관/공기업,기타재료공학,학과체험형,Y,,,37.500722082344,127.030768815378,25,무료,,2.0,79001,,,서울 강남구,학교
506,[충청] 한국과학창의재단_첨단 신소재 개발자,한국과학창의재단,공공기관/공기업,기타재료공학,학과체험형,,Y,,37.500722082344,127.030768815378,25,무료,,2.0,79001,,,서울 강남구,학교
505,[충청] 한국과학창의재단_Ai를 활용한 3D 설계 모델러,한국과학창의재단,공공기관/공기업,기타기계공학,학과체험형,,Y,,37.500722082344,127.030768815378,25,무료,,2.0,79001,,,서울 강남구,학교
504,메인과 사이드가 만나 한 상이 되는 순간—떡갈비 & 파채 샐러드,쿠킹아카데미학원,개인사업장,주방장 및 요리 연구가,직업실무체험형,,Y,,36.1005211484005,128.385000164526,30,무료,,2.0,79001,,62001.0,경북 구미시,체험처
503,따뜻함과 상큼함 사이—고구마 매쉬드피자 & 카프리제 꼬치 브런치,쿠킹아카데미학원,개인사업장,양식 조리사,직업실무체험형,,Y,,36.1005211484005,128.385000164526,30,무료,,2.0,79001,,62001.0,경북 구미시,체험처
502,손끝에서 태어나는 달콤한 선물—오란다 & 과일 찹쌀떡 리브랜딩,쿠킹아카데미학원,개인사업장,주방장 및 요리 연구가,직업실무체험형,,Y,,36.1005211484005,128.385000164526,30,무료,,2.0,79001,,62001.0,경북 구미시,체험처
501,눈처럼 하얀 떡 위에 초콜릿이 내리는 날—단짠 스트릿푸드 공방,쿠킹아카데미학원,개인사업장,주방장 및 요리 연구가,직업실무체험형,,Y,,36.1005211484005,128.385000164526,30,무료,,2.0,79001,,62001.0,경북 구미시,체험처
500,보랏빛 한입의 설렘—블루베리 크런치 & 베리쨈 롤 디저트 스튜디오,쿠킹아카데미학원,개인사업장,양식 조리사,직업실무체험형,,Y,,36.1005211484005,128.385000164526,30,무료,,2.0,79001,,62001.0,경북 구미시,체험처
499,[충청] 한국과학창의재단_이차전지 연구원,한국과학창의재단,공공기관/공기업,기타공학,학과체험형,Y,,,37.500722082344,127.030768815378,25,무료,,2.0,79001,,,서울 강남구,학교
498,[충청] 한국과학창의재단_반도체 설계 연구원,한국과학창의재단,공공기관/공기업,반도체,학과체험형,Y,Y,,37.500722082344,127.030768815378,25,무료,,2.0,79001,,,서울 강남구,학교
497,[충청] 한국과학창의재단_천연물 바이오 전문가,한국과학창의재단,공공기관/공기업,기타생물공학,학과체험형,Y,,,37.500722082344,127.030768815378,25,무료,,2.0,79001,,,서울 강남구,학교
496,[충청] 한국과학창의재단_생명공학자 : 생명을 설계하는 기술 유전자 가위,한국과학창의재단,공공기관/공기업,생물화학공학,학과체험형,,Y,,37.500722082344,127.030768815378,25,무료,,2.0,79001,,,서울 강남구,학교
495,[충청] 한국과학창의재단_디지털 헬스 데이터 분석 전문가,한국과학창의재단,공공기관/공기업,기계공학,학과체험형,,,Y,37.500722082344,127.030768815378,25,무료,,2.0,79001,,,서울 강남구,학교
494,업사이클링 공예 체험 – 친환경·디자인·창작 공예 진로 이야기,나:비다,청소년/시민단체,예술·디자인·방송직,직업실무체험형,Y,Y,,33.2531511291441,126.558226010493,20,유료,15000.0,1.0,79001,,,제주 서귀포시,학교
493,[진로멘토링] 제과제빵사(오마이초콜릿파이),남구오마이초콜릿파이,개인사업장,음식 서비스직,대화형,Y,Y,,35.5438097037233,129.330091790831,100,유료,80000.0,2.0,79001,5.0,62001.0,울산 남구,체험처
492,중학교 1.2학년 진로캠프,꿈찾기운동본부부산,민간기업,기타,캠프형,,Y,,35.1675647145699,129.12232147174,300,유료,25000.0,6.0,79001,,,울산 남구,학교
491,중학교 1.2학년 진로캠프,꿈찾기운동본부부산,민간기업,기타,캠프형,,Y,,35.1675647145699,129.12232147174,300,유료,25000.0,6.0,79001,,,부산 연제구,학교
490,[충청] 한국과학창의재단_신약 개발자,한국과학창의재단,공공기관/공기업,약학일반,학과체험형,Y,Y,,37.500722082344,127.030768815378,25,무료,,2.0,79001,,,서울 강남구,학교
489,[충청] 한국과학창의재단_피지컬 AI 전문가 : 지능형 로봇 개발자,한국과학창의재단,공공기관/공기업,기타기계공학,학과체험형,,,Y,37.500722082344,127.030768815378,25,무료,,2.0,79001,,,서울 강남구,학교
488,[충청] 한국과학창의재단_자율주행 자동차 시스템 개발자,한국과학창의재단,공공기관/공기업,자동차기계,학과체험형,Y,Y,,37.500722082344,127.030768815378,25,무료,,2.0,79001,,,서울 강남구,학교
487,"[충청] 한국과학창의재단_우주를 향한 꿈, 로켓 개발자",한국과학창의재단,공공기관/공기업,기타항공우주공학,학과체험형,Y,,,37.500722082344,127.030768815378,25,무료,,2.0,79001,,,서울 강남구,학교
486,"[충청] 한국과학창의재단_무인 비행 로봇, 드론 전문가",한국과학창의재단,공공기관/공기업,기타항공우주공학,학과체험형,Y,Y,,37.500722082344,127.030768815378,25,무료,,2.0,79001,,,서울 강남구,체험처
485,[체험형] 찾진&멘토링 [웹디자이너-네임스티커&인스제작],교육공감협동조합,민간기업,예술·디자인·방송직,직업실무체험형,,Y,,35.5438097037233,129.330091790831,100,유료,15000.0,2.0,79001,,62002.0,울산 남구,체험처
484,백드롭페인팅 × AI 영상 제작(내 작품으로 AI 영상을 만드는 진로체험 ),컬처포이즈(대전),개인사업장,문화·예술 기획자 및 매니저,직업실무체험형,Y,Y,Y,36.3320158296221,127.428867617893,10,유료,35000.0,2.0,79001,,,대전 동구,체험처
483,<슬기로운 진로체험> 목공예가편,네모나무공방,개인사업장,목제품 제조원,직업실무체험형,Y,Y,,37.5168721,126.8663985,15,유료,15000.0,2.0,79002,,62001.0,서울 양천구,온라인
482,[진로멘토링] 이모티콘제작전문가,(주)영진에듀,개인사업장,예술·디자인·방송직,대화형,Y,Y,,35.5438097037233,129.330091790831,100,유료,80000.0,2.0,79001,5.0,62001.0,울산 남구,체험처
481,[충청] 한국과학창의재단_항공기 개발자,한국과학창의재단,공공기관/공기업,항공우주과학,학과체험형,Y,Y,,37.500722082344,127.030768815378,25,무료,,2.0,79001,5.0,,서울 강남구,학교
480,진로 톡톡! 유아교육과 체험 데이,한양여자대학교,학교/대학교,유아교육,학과체험형,,Y,,37.559454782169766,127.0491000603081,20,무료,,2.0,79001,,62001.0,서울 성동구,체험처
479,웹툰 산업 변화로 보는 나의 웹툰 진로 찾기,한양여자대학교,학교/대학교,만화가 및 만화영화 작가,학과체험형,,,Y,37.5589793670737,127.04943362547904,20,무료,,2.0,79001,,62001.0,서울 성동구,체험처
478,식물을 돌보듯 나를 돌보는 시간(반려식물심기),봄그린플라워,개인사업장,소규모 상점 경영 및 일선 관리 종사원,현장직업체험형,Y,Y,Y,37.667309123334,126.771018399347,20,유료,20000.0,2.0,79001,,,경기 고양시,학교
477,(조향사) 나만의 향수 만들기!,청양화성마을학교,개인사업장,기타화학공학,학과체험형,Y,Y,Y,36.42415620251704,126.71504877723405,20,무료,,2.0,79001,,62001.0,충남 청양군,체험처
476,[경기남부·강원] 한국과학창의재단_자율주행자동차 전문가,한국과학창의재단,공공기관/공기업,자동차공학,강연형,,Y,,37.500722082344,127.030768815378,30,무료,,2.0,79001,,,서울 강남구,학교
475,[진로멘토링] 기후환경공학자,하우사이언스실험과학교습소,개인사업장,자연·생명과학 연구직,대화형,,Y,,35.5438097037233,129.330091790831,100,유료,80000.0,2.0,79001,5.0,,울산 남구,체험처
474,"꽃으로 가득 담은 기프트 플라워, 플라워 박스 (꽃박스)",디아르데 스튜디오,개인사업장,기타,직업실무체험형,Y,Y,,35.172362635424,129.102889988231,25,유료,20000.0,2.0,79001,,,부산 수영구,체험처
473,"[경기남부·강원] 한국과학창의재단_레고 자동차야, 멈춰라! : 자율주행 속도조절 코딩 체험",한국과학창의재단,공공기관/공기업,자동차공학,강연형,Y,,,37.500722082344,127.030768815378,30,무료,,2.0,79001,,,서울 강남구,학교
472,[경기남부·강원] 한국과학창의재단_지능형 로봇 시스템 설계 프로젝트,한국과학창의재단,공공기관/공기업,로봇공학,강연형,,,Y,37.500722082344,127.030768815378,30,무료,,2.0,79001,,,서울 강남구,학교
471,[경기남부·강원] 한국과학창의재단_스마트시티 Urban LAB,한국과학창의재단,공공기관/공기업,건설·채굴직,직업실무체험형,,Y,,37.500722082344,127.030768815378,90,무료,,2.0,79001,5.0,,서울 강남구,체험처
470,"[경기남부·강원] 한국과학창의재단_머신러닝, 스스로 배우는 인공지능",한국과학창의재단,공공기관/공기업,컴퓨터/인공지능,강연형,,,Y,37.500722082344,127.030768815378,30,무료,,2.0,79001,,,서울 강남구,학교
469,"행복을 전하는 기프트 플라워, 플라워 케이크 만들기",디아르데 스튜디오,개인사업장,기타,직업실무체험형,Y,Y,,35.172362635424,129.102889988231,25,유료,20000.0,2.0,79001,,,부산 수영구,체험처
468,[진로멘토링] 스포츠지도사,B&A 복싱클럽,개인사업장,스포츠·레크리에이션직,대화형,,Y,,35.5438097037233,129.330091790831,100,유료,80000.0,2.0,79001,5.0,,울산 남구,체험처
467,아트토이디렉터 진로체험｜LED스피너탑 제작 메이커 프로그램,나무그루사회적협동조합,학교/대학교,문화·예술 기획자 및 매니저,직업실무체험형,Y,Y,,37.6526872823425,126.637967502353,999,유료,12000.0,2.0,79001,,,경기 김포시,학교
466,[경기남부·강원] 한국과학창의재단_게임개발 프로세스 이야기,한국과학창의재단,공공기관/공기업,소프트웨어공학,강연형,,,Y,37.500722082344,127.030768815378,70,무료,,2.0,79001,5.0,,서울 강남구,학교
465,[경기남부·강원] 한국과학창의재단_수지침으로 알아보는 사상체질과 의학,한국과학창의재단,공공기관/공기업,한의사,직업실무체험형,,Y,,37.500722082344,127.030768815378,30,무료,,2.0,79001,,,서울 강남구,학교
464,[경기남부·강원] 한국과학창의재단_인공지능 프롬프트,한국과학창의재단,공공기관/공기업,소프트웨어공학,강연형,,,Y,37.500722082344,127.030768815378,30,무료,,2.0,79001,,,서울 강남구,학교
463,[경기남부·강원] 한국과학창의재단_미래 전력산업과 에너지 기술 탐구,한국과학창의재단,공공기관/공기업,가스·에너지공학 기술자 및 연구원,강연형,Y,Y,,37.500722082344,127.030768815378,80,무료,,2.0,79001,,,서울 강남구,학교
462,[진로멘토링] 바리스타,심빠띠꼬 커피랩,개인사업장,음식 서비스직,대화형,,Y,,35.5438097037233,129.330091790831,100,유료,80000.0,2.0,79001,5.0,,울산 남구,체험처
461,IoT전문가 진로체험 블루투스 스피커 제작 메이커 프로그램,나무그루사회적협동조합,학교/대학교,정보통신 연구 개발직 및 공학 기술직,직업실무체험형,Y,Y,,37.6526872823425,126.637967502353,2,유료,16000.0,2.0,79001,,,경기 김포시,학교
460,로봇공학자 진로체험 스텝봇 제작 메이커 프로그램,나무그루사회적협동조합,학교/대학교,로보틱스/로봇공학,직업실무체험형,Y,Y,,37.6526872823425,126.637967502353,999,유료,18000.0,2.0,79001,,,경기 김포시,학교
459,다육이의 변신 (다육 아트),도담다육,개인사업장,기타,현장직업체험형,Y,Y,,37.0149831033859,127.86548868637,30,유료,20000.0,2.0,79001,,,충북 충주시,학교
458,[경기남부·강원] 한국과학창의재단_스포츠 브랜드 크리에이터,한국과학창의재단,공공기관/공기업,광고·조사·상품기획·행사기획 전문가,강연형,Y,Y,,37.500722082344,127.030768815378,50,무료,,2.0,79001,5.0,,서울 강남구,학교
457,[경기남부·강원] 한국과학창의재단_생명과학자 프로젝트 : 신약을 만들다,한국과학창의재단,공공기관/공기업,생약학,강연형,,Y,,37.500722082344,127.030768815378,30,무료,,2.0,79001,,,서울 강남구,학교
456,[경기남부·강원] 한국과학창의재단_AI 작곡 & 비트 프로듀싱,한국과학창의재단,공공기관/공기업,대중/실용/영화음악,강연형,,Y,,37.500722082344,127.030768815378,90,무료,,2.0,79001,5.0,,서울 강남구,학교
455,[경기남부·강원] 한국과학창의재단_SNS로 세상을 바꿔라! - SNS 전문가 체험,한국과학창의재단,공공기관/공기업,광고/홍보학,강연형,Y,,,37.500722082344,127.030768815378,20,무료,,2.0,79001,,,서울 강남구,학교
454,전자공학자 진로체험 라이팅스타 제작 메이커 프로그램,나무그루사회적협동조합,학교/대학교,전기·전자공학 기술자 및 시험원,직업실무체험형,Y,Y,,37.65411209433904,126.64225142278175,999,유료,15000.0,2.0,79001,,,경기 김포시,학교
453,신소재공학자 진로체험 LED 슬라임전구 제작 메이커 프로그램,나무그루사회적협동조합,학교/대학교,연구직 및 공학 기술직,직업실무체험형,Y,Y,,37.6526872823425,126.637967502353,999,유료,15000.0,2.0,79001,,,경기 김포시,학교
452,"내 손안의 작은 숲, 테라리움",도담다육,개인사업장,기타,현장직업체험형,Y,Y,,37.0149831033859,127.86548868637,30,유료,15000.0,2.0,79001,,,충북 충주시,학교
451,전자공학 진로체험 LED 메시지팬 제작 메이커 프로그램,나무그루사회적협동조합,학교/대학교,예술·디자인·방송직,직업실무체험형,Y,Y,,37.6526872823425,126.637967502353,999,유료,18000.0,2.0,79001,,,경기 김포시,학교
450,[경기남부·강원] 한국과학창의재단_미래 의료의 현장 - 원격진료·디지털헬스케어 코디네이터 체험,한국과학창의재단,공공기관/공기업,보건·의료직,강연형,,,Y,37.500722082344,127.030768815378,30,무료,,2.0,79001,,,서울 강남구,학교
449,[경기남부·강원] 한국과학창의재단_몸속의 진실을 밝혀라 - 임상병리사 체험,한국과학창의재단,공공기관/공기업,임상병리학,강연형,,,Y,37.500722082344,127.030768815378,80,무료,,2.0,79001,,,서울 강남구,학교
448,[경기남부·강원] 한국과학창의재단_자율주행 알고리즘 설계하기 : 비례제어로 만드는 스마트 주행 시스템,한국과학창의재단,공공기관/공기업,자동차공학,강연형,,,Y,37.500722082344,127.030768815378,30,무료,,2.0,79001,,,서울 강남구,학교
447,[경기남부·강원] 한국과학창의재단_레고 로봇 개발자 프로젝트 : SW개발자·AI개발자 직업 탐구,한국과학창의재단,공공기관/공기업,컴퓨터/인공지능,강연형,,Y,,37.500722082344,127.030768815378,30,무료,,2.0,79001,,,서울 강남구,학교
446,기상전문가 진로체험 LED 구름조명 제작 메이커 프로그램,나무그루사회적협동조합,학교/대학교,기상학,직업실무체험형,Y,Y,,37.6526872823425,126.637967502353,999,유료,13000.0,2.0,79001,,,경기 김포시,학교
445,항공공학 진로체험 플라잉옥타곤 제작 메이커 프로그램,나무그루사회적협동조합,학교/대학교,로봇공학 기술자 및 연구원,직업실무체험형,Y,Y,,37.6526872823425,126.637967502353,999,유료,18000.0,2.0,79001,,,경기 김포시,학교
444,꽃차&전통차 문화 진료체험센터,꽃차&전통차 문화 진로체험센터,개인사업장,기타,현장직업체험형,Y,Y,Y,35.19705255182145,129.093161299314,10,유료,20000.0,2.0,79001,,,부산 동래구,체험처
443,대기환경기술자 진로체험 풍력자동차 제작 메이커 프로그램,나무그루사회적협동조합,학교/대학교,자연과학 연구원 및 시험원,직업실무체험형,Y,Y,,37.6526872823425,126.637967502353,999,유료,15000.0,2.0,79001,,,경기 김포시,학교
442,[경기남부·강원] 한국과학창의재단_자율주행 소프트웨어 엔지니어 : 라인트레이싱 코딩으로 미래차 기술 탐구,한국과학창의재단,공공기관/공기업,자동차공학,강연형,,Y,,37.500722082344,127.030768815378,30,무료,,2.0,79001,,,서울 강남구,학교
441,[경기남부·강원] 한국과학창의재단_내 손으로 만든 레고 로봇을 코딩하라 : SW개발자·AI개발자 되어보기,한국과학창의재단,공공기관/공기업,컴퓨터/인공지능,강연형,Y,,,37.500722082344,127.030768815378,30,무료,,2.0,79001,5.0,,서울 강남구,학교
440,[경기남부·강원] 한국과학창의재단_센서로 장애물을 피하는 자동차 만들기 : 자율주행 엔지니어 되기,한국과학창의재단,공공기관/공기업,자동차공학,강연형,Y,,,37.517331925853,127.047377408384,30,무료,,2.0,79001,5.0,,서울 강남구,학교
439,[경기남부·강원] 한국과학창의재단_AI 사이버보안 실습  : 해커의 눈으로 배우는 보안 탐구,한국과학창의재단,공공기관/공기업,정보보안 전문가,강연형,,Y,Y,37.500722082344,127.030768815378,250,무료,,4.0,79001,5.0,,서울 강남구,학교
438,항공공학 전동비행기 제작 메이커 프로그램,나무그루사회적협동조합,학교/대학교,항공기·선박·철도 조종사 및 관제사,직업실무체험형,Y,Y,,37.6526872823425,126.637967502353,999,유료,15000.0,2.0,79001,,,경기 김포시,학교
437,하이브리드듀얼커 제작 메이커 프로그램 _그린모빌리티연구원 진로체험,나무그루사회적협동조합,학교/대학교,환경공학 기술자 및 연구원,직업실무체험형,Y,Y,,37.6526872823425,126.637967502353,1000,유료,17000.0,2.0,79001,,,경기 김포시,학교
436,VR 시뮬레이터를 활용한 기술 혁신 체험,인덕과학기술고등학교,학교/대학교,용접및특수가공,학과체험형,,Y,,37.631323813774536,127.05596442913205,5,무료,,2.0,79001,,,서울 노원구,학교
435,ai를 활용한 숏폼 제작,SBS아카데미컴퓨터아트학원 천안지점,민간기업,미디어 콘텐츠 디자이너,직업실무체험형,,,Y,36.8153477619773,127.108718302549,14,무료,,3.0,79001,,62001.0,충남 천안시,체험처
434,[경기남부·강원] 한국과학창의재단_몸을 회복시키는 기술 — 작업치료사·의료용 로봇 전문가 체험,한국과학창의재단,공공기관/공기업,로보틱스/로봇공학,강연형,,Y,,37.500722082344,127.030768815378,80,무료,,2.0,79001,,,서울 강남구,학교
433,[경기남부·강원] 한국과학창의재단_농촌을 바꾸는 디지털 마케터 : 스마트 농업 & 지역브랜딩 체험,한국과학창의재단,공공기관/공기업,농림경영,강연형,,Y,,37.500722082344,127.030768815378,30,무료,,2.0,79001,,,서울 강남구,학교
432,[경기남부·강원] 한국과학창의재단_데이터로 세상을 읽는다 : 빅데이터 분석가 체험,한국과학창의재단,공공기관/공기업,디지털전자공학,강연형,,Y,,37.500722082344,127.030768815378,30,무료,,2.0,79001,,,서울 강남구,학교
431,[경기남부·강원] 한국과학창의재단_미래 게임개발자 프로젝트 : 인공지능과 게임산업 이야기,한국과학창의재단,공공기관/공기업,공학,강연형,,Y,,37.500722082344,127.030768815378,30,무료,,2.0,79001,,,서울 강남구,학교
430,3D프린팅을 활용한 나만의 키링 만들기,인덕과학기술고등학교,학교/대학교,구조설계및CAE,학과체험형,,Y,,37.63192754921968,127.05580627695896,10,무료,,2.0,79001,,,서울 노원구,학교
429,[경기북부] 한국과학창의재단_스포츠재활 전문가: 몸의 힘을 읽다,한국과학창의재단,공공기관/공기업,스포츠물리치료학,강연형,,Y,Y,37.500722082344,127.030768815378,20,무료,,2.0,79001,,,서울 강남구,체험처
428,[경기북부] 한국과학창의재단_생성형 AI 3D 디자인 스튜디오: AI 3D 모델러,한국과학창의재단,공공기관/공기업,컴퓨터그래픽스모델링,강연형,,,Y,37.500722082344,127.030768815378,20,무료,,2.0,79001,,,서울 강남구,체험처
427,[경기북부] 한국과학창의재단_한의학 전문가: 전통의학과 미래 헬스케어,한국과학창의재단,공공기관/공기업,한의학,강연형,,,Y,37.500722082344,127.030768815378,20,무료,,2.0,79001,,,서울 강남구,체험처
426,[경기남부·강원] 한국과학창의재단_해피드리밍 : 방방콕콕 미래일주,한국과학창의재단,공공기관/공기업,데이터 전문가,강연형,,Y,,37.500722082344,127.030768815378,15,무료,,2.0,79001,,,서울 강남구,학교
425,[경기남부·강원] 한국과학창의재단_호기심 연구소: 스마트 그린 팟,한국과학창의재단,공공기관/공기업,농업자원/환경,강연형,Y,,,37.500722082344,127.030768815378,20,무료,,2.0,79001,,,서울 강남구,학교
424,[경기남부·강원] 한국과학창의재단_AI 리터러시 및 윤리 교육 – 바른 AI 윤리 탐험대,한국과학창의재단,공공기관/공기업,인터넷정보처리,강연형,Y,,,37.500722082344,127.030768815378,100,무료,,4.0,79001,5.0,,서울 강남구,학교
423,[경기남부·강원] 한국과학창의재단_내 아이디어로 만드는 굿즈 프로젝트,한국과학창의재단,공공기관/공기업,상품 기획자,강연형,Y,Y,,37.500722082344,127.030768815378,90,무료,,2.0,79001,,,서울 강남구,학교
422,[경기북부] 한국과학창의재단_XR의 세계! 실감미디어 콘텐츠 디자이너,한국과학창의재단,공공기관/공기업,가상현실,강연형,,,Y,37.500722082344,127.030768815378,20,무료,,2.0,79001,,,서울 강남구,체험처
421,"[경기북부] 한국과학창의재단_AI 카메라, 세상을 읽다! 영상 분석 전문가",한국과학창의재단,공공기관/공기업,인공지능,강연형,,Y,Y,37.500722082344,127.030768815378,20,무료,,2.0,79001,,,서울 강남구,체험처
420,[경기북부] 한국과학창의재단_스포츠 데이터 분석가: 미래의 국가대표 데이터 분석가,한국과학창의재단,공공기관/공기업,스포츠경영,강연형,,Y,Y,37.500722082344,127.030768815378,20,무료,,2.0,79001,,,서울 강남구,체험처
419,[경기남부·강원] 한국과학창의재단_미래 에너지 연구소 : 에너지 변환의 비밀,한국과학창의재단,공공기관/공기업,에너지·환경공학 기술자 및 시험원,강연형,Y,Y,,37.500722082344,127.030768815378,30,무료,,2.0,79001,,,서울 강남구,학교
418,[경기남부·강원] 한국과학창의재단_나만의 게임 만들기 프로젝트,한국과학창의재단,공공기관/공기업,문화·예술 기획자 및 매니저,강연형,Y,,,37.500722082344,127.030768815378,15,무료,,4.0,79001,,,서울 강남구,학교
417,[경기남부·강원] 한국과학창의재단_반도체 버스 이야기,한국과학창의재단,공공기관/공기업,반도체공정,강연형,Y,,,37.500722082344,127.030768815378,15,무료,,2.0,79001,,,서울 강남구,학교
416,[경기남부·강원] 한국과학창의재단_상상력 게임 연구소,한국과학창의재단,공공기관/공기업,공학,강연형,Y,,,37.500722082344,127.030768815378,30,무료,,2.0,79001,,,서울 강남구,학교
415,[경기북부] 한국과학창의재단_스마트시티 비밀 탐험대: 도시데이터 분석,한국과학창의재단,공공기관/공기업,도시·교통 전문가,강연형,Y,,,37.500722082344,127.030768815378,20,무료,,2.0,79001,,,서울 강남구,체험처
414,"[경기북부] 한국과학창의재단_로켓의 비밀, 우주 소프트웨어 연구소",한국과학창의재단,공공기관/공기업,항공우주과학,강연형,Y,Y,,37.500722082344,127.030768815378,20,무료,,2.0,79001,,,서울 강남구,체험처
413,[경기북부] 한국과학창의재단_AI 실험실! 데이터로 배우는 인공지능,한국과학창의재단,공공기관/공기업,인공지능,강연형,Y,,,37.500722082344,127.030768815378,20,무료,,2.0,79001,,,서울 강남구,체험처
412,[경기남부·강원] 한국과학창의재단_AI 스마트 비전 기술 탐구,한국과학창의재단,공공기관/공기업,데이터·네트워크 및 시스템 운영 전문가,강연형,,Y,,37.500722082344,127.030768815378,90,무료,,2.0,79001,,,서울 강남구,학교
411,[경기남부·강원] 한국과학창의재단_지구를 구하는 에너지,한국과학창의재단,공공기관/공기업,에너지·환경공학 기술자 및 시험원,강연형,Y,,,37.500722082344,127.030768815378,30,무료,,2.0,79001,,,서울 강남구,학교
410,"[경기남부·강원] 한국과학창의재단_AI 비전, 계산대를 부탁해!",한국과학창의재단,공공기관/공기업,데이터베이스,강연형,Y,,,37.500722082344,127.030768815378,180,무료,,2.0,79001,,,서울 강남구,학교
409,[경기남부·강원] 한국과학창의재단_브릭으로 만나는 항공우주 이야기,한국과학창의재단,공공기관/공기업,소프트웨어 개발자,강연형,Y,,,37.500722082344,127.030768815378,20,무료,,2.0,79001,,,서울 강남구,체험처
408,[경기북부] 한국과학창의재단_로봇으로 문제를 해결하는 직업: 로봇공학자,한국과학창의재단,공공기관/공기업,로보틱스/로봇공학,강연형,Y,,,37.500722082344,127.030768815378,20,무료,,2.0,79001,,,서울 강남구,체험처
407,[경기북부] 한국과학창의재단_스포츠 의학 분야 직업 세계: 데이터와 의학의 만남,한국과학창의재단,공공기관/공기업,스포츠의학,강연형,Y,,,37.500722082344,127.030768815378,20,무료,,2.0,79001,,,서울 강남구,체험처
406,[경기북부] 한국과학창의재단_도시를 바꾸는 기술: 스마트시티 기획,한국과학창의재단,공공기관/공기업,도시개발/계획,강연형,Y,,,37.500722082344,127.030768815378,20,무료,,2.0,79001,,,서울 강남구,체험처
405,[경기남부·강원] 한국과학창의재단_탄소중립 업사이클링 이야기,한국과학창의재단,공공기관/공기업,기타,강연형,Y,,,37.500722082344,127.030768815378,50,무료,,2.0,79001,5.0,,서울 강남구,학교
404,[경기남부·강원] 한국과학창의재단_내가 꿈꾸는 스마트홈 만들기,한국과학창의재단,공공기관/공기업,건설·채굴직,직업실무체험형,Y,,,37.500722082344,127.030768815378,120,무료,,2.0,79001,5.0,,서울 강남구,체험처
403,[경기북부] 한국과학창의재단_미래 하늘 직업 탐험: 드론·무인항공기,한국과학창의재단,공공기관/공기업,항공우주과학,강연형,Y,,,37.500722082344,127.030768815378,20,무료,,2.0,79001,,,서울 강남구,학교
402,[경기북부] 한국과학창의재단_사이버 탐정단 출동! 디지털 안전관리,한국과학창의재단,공공기관/공기업,인터넷보안,강연형,Y,,,37.500722082344,127.030768815378,20,무료,,2.0,79001,,,서울 강남구,학교
401,미래를 코딩하다: 디지털 기술과 함께하는 프로젝트,모세사,개인사업장,통신공학 기술자 및 연구원,직업실무체험형,Y,Y,,36.4898161563742,127.258945240294,20,유료,15000.0,2.0,79001,,,세종 세종시,학교
400,뷰티메이크업(국가자격증 로맨틱 메이크업 연계),SBS아카데미미용학원 인계캠퍼스,민간기업,메이크업 아티스트 및 분장사,직업실무체험형,,Y,Y,37.2643097973442,127.033972725876,60,무료,,1.0,79001,,,경기 수원시,체험처
399,[체험형] 찾진&멘토링 [조향사-MBTI 심리향수],플라란,개인사업장,섬유공학 기술자 및 시험원,직업실무체험형,,Y,,35.5438097037233,129.330091790831,100,유료,15000.0,2.0,79001,,,울산 남구,체험처
398,[체험형] 찾진&멘토링 [네일아티스트-네일아티스트 직업체험],살롱드비숑뷰티아카데미,개인사업장,미용 서비스원,직업실무체험형,,Y,,35.5438097037233,129.330091790831,100,유료,15000.0,2.0,79001,,,울산 남구,체험처
397,[창업가스토리&진로체험] 포토카드(명찰) 케이스 디자인,멍냥사랑방,개인사업장,예술·디자인·방송직,직업실무체험형,,Y,,35.5438097037233,129.330091790831,100,유료,15000.0,2.0,79001,,,울산 남구,체험처
396,"[창업가스토리&진로체험] 인형키링, 인형 옷 만들기",스위티 스티치,개인사업장,패션 디자이너,직업실무체험형,,Y,,35.5438097037233,129.330091790831,100,유료,15000.0,2.0,79001,,,울산 남구,체험처
395,탄소중립 실천을 위한 에코 크리에이터 직업 체험 / 수제종이 만들기,취향사무소,개인사업장,기타,직업실무체험형,Y,Y,Y,37.4827680023588,126.736900124702,30,유료,25000.0,2.0,79001,,,인천 부평구,학교
394,[2학기] 짐벌 촬영 & 유튜브 숏츠 만들기,두원공과대학교(파주캠퍼스),학교/대학교,방송·영상,학과체험형,,,Y,37.81567915137243,126.8010718386899,30,무료,,3.0,79001,,62001.0,경기 파주시,학교
393,[2학기] 진단검사의학 체험 : 임상병리과와 함께하는 생명과학 체험교실,두원공과대학교(파주캠퍼스),학교/대학교,간호교육,학과체험형,,,Y,37.816588902125375,126.80094446969112,30,무료,,3.0,79001,,62001.0,경기 파주시,학교
392,[2학기] 응급구조사 직업체험 및 응급처지 실습,두원공과대학교(파주캠퍼스),학교/대학교,구급의학,학과체험형,,,Y,37.8169014083804,126.800710355394,30,무료,,3.0,79001,,62001.0,경기 파주시,학교
391,[창업가스토리&진로체험] 매그놀리아 바나나푸딩,남구오마이초콜릿파이,개인사업장,음식 서비스직,직업실무체험형,,Y,,35.5438097037233,129.330091790831,100,유료,15000.0,2.0,79001,,62001.0,울산 남구,체험처
390,[2학기]캘리그라피 배우기와 작품제작 체험,두원공과대학교(파주캠퍼스),학교/대학교,산업디자인,학과체험형,,,Y,37.81576035213699,126.801139762444,30,무료,,3.0,79001,,62001.0,경기 파주시,학교
389,[창업가스토리&진로체험] 일상에서 브랜드가 시작하다-전통을 잇고 있다,주식회사 나율,민간기업,패션 디자이너,직업실무체험형,,Y,,35.5438097037233,129.330091790831,100,유료,15000.0,2.0,79001,,,울산 남구,체험처
388,[2학기] 미쉐린 가이드 레스토랑 파티시에 양성과정,두원공과대학교(파주캠퍼스),학교/대학교,식품가공,학과체험형,,,Y,37.81587728415912,126.80102587918834,30,무료,,3.0,79001,,62001.0,경기 파주시,학교
387,[2학기] 미쉐린 가이드 레스토랑 셰프 양성과정,두원공과대학교(파주캠퍼스),학교/대학교,식품가공,학과체험형,,,Y,37.815859341838,126.80107135517034,30,무료,,3.0,79001,,62001.0,경기 파주시,학교
386,아기자기 비즈 공예가,호룸,개인사업장,실내장식 디자이너,현장직업체험형,Y,Y,Y,36.3647473491109,127.426831612192,20,유료,20000.0,2.0,79001,,,대전 대덕구,학교
385,[2학기] AI와 Blender로 만드는 3D 게임 디자인,두원공과대학교(파주캠퍼스),학교/대학교,컨텐츠제작기술,학과체험형,,,Y,37.8158501980345,126.80099188102336,30,무료,,3.0,79001,,62001.0,경기 파주시,학교
384,[창업가스토리&진로체험] 순은레이어드 반지 만들기,소란은공방,개인사업장,제품 디자이너,직업실무체험형,,Y,,35.5438097037233,129.330091790831,100,유료,17000.0,2.0,79001,,62001.0,울산 남구,체험처
383,[2학기] 논리력 향상을 위한 영리한 프로그래밍,두원공과대학교(파주캠퍼스),학교/대학교,프로그래밍언어,학과체험형,,,Y,37.815536147756674,126.80175363682326,30,무료,,3.0,79001,,62001.0,경기 파주시,학교
382,찾아가는 직업체험-로봇코딩전문가,남부권-울주군진로직업체험센터,공공기관/공기업,응용 소프트웨어 개발자,직업실무체험형,Y,Y,Y,35.60173931498598,129.15041073782203,100,유료,15000.0,2.0,79001,,62001.0,울산 울주군,학교
381,금속공예 소품만들기 (망치체험),호룸,개인사업장,제품 디자이너,현장직업체험형,Y,Y,Y,36.3647473491109,127.426831612192,20,유료,20000.0,2.0,79001,,,대전 대덕구,학교
380,[노작체험] 샤인머스캣 수확 체험(9월한정체험),쌈지촌마을/신현쌈지돈마을,개인사업장,과수작물 재배원,현장직업체험형,Y,Y,Y,36.4828303904312,126.595904730926,100,유료,15000.0,2.0,79001,,62001.0,충남 보령시,체험처
379,[체험형] 찾진&멘토링 [기후변화분석-기후분석실습],원메이커랩,개인사업장,자연과학 연구원 및 시험원,직업실무체험형,,Y,,35.5438097037233,129.330091790831,100,유료,15000.0,2.0,79001,,62001.0,울산 남구,체험처
378,진로멘토링 [3D 콘텐츠 크리에이터 (울산과학대 게임영상학과 멘토링)],울산과학대학교(동부캠퍼스),학교/대학교,영상·녹화·편집 기사,대화형,,Y,Y,35.49545253257606,129.41612223974738,50,무료,,2.0,79001,,62001.0,울산 동구,학교
377,진로멘토링 [세무사(울산과학대 세무회계학과 멘토링)],울산과학대학교(동부캠퍼스),학교/대학교,국제금융/외환,대화형,,Y,Y,35.496944020143665,129.41678394012345,50,무료,,2.0,79001,,62001.0,울산 동구,학교
376,진로멘토링[유치원 교사(울산과학대학교 유아교육과 멘토링)],울산과학대학교(동부캠퍼스),학교/대학교,유아교육,대화형,,Y,Y,35.49640813048815,129.41654751921814,50,무료,,2.0,79001,,62001.0,울산 동구,학교
375,진로멘토링[호텔조리제빵사(울산과학대학교 호텔조리제빵과 멘토링)],울산과학대학교(동부캠퍼스),학교/대학교,식품조리과학,대화형,,Y,Y,35.49507502127291,129.41562614282304,50,무료,,2.0,79001,,62001.0,울산 동구,학교
374,진로멘토링[식품영양사(울산과학대학교 식품영양학과 멘토링)],울산과학대학교(동부캠퍼스),학교/대학교,식품과학,대화형,,Y,Y,35.495502411315094,129.41588133900646,50,무료,,2.0,79001,,62001.0,울산 동구,학교
373,(직업인멘토) 카페 베이커 : 제과제빵사 및 바리스타,파주시진로진학지원센터,공공기관/공기업,주방장 및 조리사,직업실무체험형,Y,Y,Y,37.7126203902637,126.68655633701,200,유료,13000.0,2.0,79001,,62001.0,경기 파주시,학교
372,진로멘토링 [건축가(울산과학대학교 실내건축디자인과 멘토링)],울산과학대학교(동부캠퍼스),학교/대학교,건축공학일반,대화형,,Y,Y,35.49543847343023,129.4161493634269,50,무료,,2.0,79001,,62001.0,울산 동구,학교
371,진로멘토링[   (울산과학대학교 컴퓨터공학과 멘토링)],울산과학대학교(동부캠퍼스),학교/대학교,소프트웨어공학,대화형,,Y,Y,35.49518701358879,129.41588290917778,50,무료,,2.0,79001,,62001.0,울산 동구,학교
370,[체험형] 찾진&멘토링 [생명공학자-DNA 추출],더이음교육 주식회사,민간기업,자연·생명과학 연구직,직업실무체험형,,Y,,35.5438097037233,129.330091790831,100,유료,20000.0,2.0,79001,,,울산 남구,체험처
369,진로멘토링 [수의사(울산과학대 반려동물보건과 멘토링)],울산과학대학교(동부캠퍼스),학교/대학교,수의학,대화형,,Y,Y,35.49558844978252,129.41653397634596,50,무료,,2.0,79001,,62001.0,울산 동구,학교
368,진로멘토링 [사회복지사(울산과학대 사회복지학과 멘토링)],울산과학대학교(동부캠퍼스),학교/대학교,사회복지학,대화형,,Y,Y,35.49690304872282,129.4156808976426,50,무료,,2.0,79001,,62001.0,울산 동구,학교
367,[학교방문형체험 ]컬러테라피 자개 달항아리 액자 만들기,이소와(ISOWA),개인사업장,제품 디자이너,직업실무체험형,Y,Y,Y,36.59796991905964,127.45736186710046,100,유료,33000.0,2.0,79001,,,충북 청주시,학교
366,[세종진로교육원] 2026년 진로박람회 [꿈꾸는 대로-나를 만나는 여행],세종진로체험지원센터,공공기관/공기업,교육 관리자,캠프형,,Y,,36.4800649113757,127.289195324698,2300,무료,,3.0,79001,,,세종 세종시,체험처
365,[체험형] 찾진&멘토링 [라탄공예가-라탄필통],(주)호재_쁘띠마망,개인사업장,디자이너,직업실무체험형,,Y,,35.5438097037233,129.330091790831,100,유료,15000.0,2.0,79001,,,울산 남구,체험처
364,[체험형] 찾진&멘토링 [조향사-펴퓸 핸드크림],플라란,개인사업장,기타,직업실무체험형,,Y,,35.5438097037233,129.330091790831,100,유료,15000.0,2.0,79001,,,울산 남구,체험처
363,꿈꾸는 큐레이터,부산근현대역사관,공공기관/공기업,학예사 및 문화재 보존원,현장견학형,,Y,Y,35.10254164806237,129.03213029218264,20,무료,,2.0,79001,,,부산 중구,체험처
362,농업체험학습(바이오 체험- 섬유탈취제 만들기),청주농업고등학교,학교/대학교,기타농생물,학과체험형,,Y,,36.660305571072456,127.48582101935907,15,무료,,2.0,79001,,,충북 청주시,체험처
361,AI와 함께하는 나만의 웹툰·일러스트 생성하기,SBS아카데미컴퓨터아트학원 천안지점,민간기업,미디어 콘텐츠 디자이너,직업실무체험형,Y,Y,,36.8153477619773,127.108718302549,14,무료,,4.0,79001,,62001.0,충남 천안시,체험처
360,농업체험학습(산림환경자원과 체험-DIY 연필꽂이),청주농업고등학교,학교/대학교,산림생태/휴양,학과체험형,,Y,,36.660305571072456,127.48582101935907,15,무료,,2.0,79001,,,충북 청주시,체험처
359,농업체험학습(농업토목과 체험-CAD를 활용하여 지리조사도면 편집하기),청주농업고등학교,학교/대학교,농업재료시공,학과체험형,,Y,,36.660305571072456,127.48582101935907,15,무료,,2.0,79001,,,충북 청주시,체험처
358,"농업체험학습(식품가공과 체험-레몬, 초코마들렌 만들기)",청주농업고등학교,학교/대학교,식품가공/개발,학과체험형,,Y,,36.65842782303847,127.48555197593996,15,무료,,2.0,79001,,,충북 청주시,체험처
357,농업진로체험학습(소형지게차운전),청주농업고등학교,학교/대학교,건설·채굴 기계 운전원,학과체험형,,Y,,36.65852806097024,127.48527858398586,30,무료,,2.0,79001,,,충북 청주시,체험처
356,알록달록 꽃음료수 만들기로 만나는 플로리스트 직업체험,봄그린플라워,개인사업장,소규모 상점 경영 및 일선 관리 종사원,현장직업체험형,Y,Y,Y,37.667309123334,126.771018399347,20,유료,25000.0,2.0,79001,,,경기 고양시,학교
355,농업진로체험학습(소형굴착기 운전),청주농업고등학교,학교/대학교,건설·채굴 기계 운전원,학과체험형,,Y,,36.65852806097024,127.48527858398586,30,무료,,2.0,79001,,,충북 청주시,체험처
354,농업체험학습(하비리움 체험-플라워 오브제 만들기),청주농업고등학교,학교/대학교,기타원예학,학과체험형,,Y,,36.660305571072456,127.48582101935907,20,무료,,2.0,79001,,,충북 청주시,체험처
353,농업진로체험학습(동물농장 체험),청주농업고등학교,학교/대학교,축산경영,학과체험형,,Y,,36.65928943532735,127.4864018287688,20,무료,,2.0,79001,,,충북 청주시,체험처
352,웹툰작가 진로직업체험,(주)에스씨에이게임인천,민간기업,미디어 콘텐츠 디자이너,현장직업체험형,,,Y,37.49210791759161,126.7239492923229,15,무료,,1.0,79001,,,인천 부평구,체험처
351,도예가 진로직업체험 – 흙으로 만드는 가치,나:비다,청소년/시민단체,예술·디자인·방송직,직업실무체험형,Y,Y,Y,33.2531511291441,126.558226010493,25,유료,30000.0,2.0,79001,,,제주 서귀포시,학교
350,로봇 공학자 진로체험 : 레고 로봇 코딩,(주)에듀밋(부여지사),민간기업,로보틱스/로봇공학,현장직업체험형,Y,,,36.2780560255158,126.906998659179,30,무료,,2.0,79001,,62001.0,충남 부여군,체험처
349,또래관계증진집단프로그램,리움브레인센터,개인사업장,상담 전문가,캠프형,Y,Y,Y,35.1938861858382,126.815051808148,100,유료,10000.0,2.0,79001,,62001.0,광주 광산구,학교
348,바다케이크,미소베이킹,개인사업장,기타,현장직업체험형,Y,Y,Y,36.5987105758679,127.471168721215,30,유료,25000.0,2.0,79001,,,충북 청주시,학교
347,무대 공연 장비 교육 프로그램,예술인테리어해우,민간기업,감독 및 기술감독,직업실무체험형,Y,Y,Y,37.3189626388514,126.835509884071,20,유료,20000.0,20.0,79001,,,경기 안산시,체험처
346,뮤지컬 배우 체험 프로그램,예술인테리어해우,민간기업,배우 및 모델,직업실무체험형,Y,Y,Y,37.3189626388514,126.835509884071,20,유료,15000.0,40.0,79001,,,경기 안산시,체험처
345,꽃식초만들기,꽃식초스튜디오,개인사업장,기타,직업실무체험형,Y,Y,Y,37.4632485632854,126.71629565185631,25,유료,25000.0,2.0,79001,,,인천 남동구,체험처
344,AI를 활용한 뮤지컬 기획 및 창제작 프로그램,예술인테리어해우,민간기업,연극연출/연기,직업실무체험형,Y,Y,Y,37.3189626388514,126.835509884071,20,유료,20000.0,40.0,79001,,,경기 안산시,체험처
343,지구를 살리는 커피박 업사이클링 공예,우드 그리고 버닝이야기,개인사업장,제품 디자이너,현장직업체험형,Y,Y,Y,35.8189674934581,128.534992363924,25,유료,20000.0,2.0,79001,,,대구 달서구,학교
342,공예가 향기 제품디자이너 석고방향제 컬러링,오인트(충남금산센터),개인사업장,제품 디자이너,직업실무체험형,Y,Y,Y,36.0978929446792,127.490965799388,200,유료,20000.0,1.0,79001,,,충남 금산군,체험처
341,실크플라워  캔버스 액자 만들기,더프라미스,청소년/시민단체,공예,직업실무체험형,Y,Y,Y,36.7821189772145,126.451635190004,10,유료,20000.0,1.0,79003,,,충남 서산시,체험처
340,감성을 빚는 도우아트 오브제 디자이너 체험,우드 그리고 버닝이야기,개인사업장,제품/제품정보디자인,학과체험형,Y,Y,Y,35.8189674934581,128.534992363924,25,유료,20000.0,2.0,79001,,,대구 달서구,학교
339,바다를 담다!  씨글라스 아트,우드 그리고 버닝이야기,개인사업장,제품/제품정보디자인,학과체험형,Y,Y,Y,35.8189674934581,128.534992363924,25,유료,20000.0,2.0,79001,,,대구 달서구,학교
338,[전남·제주] 한국과학창의재단_AI로 그리는 디지털 아티스트,한국과학창의재단,공공기관/공기업,기타,직업실무체험형,,,Y,37.500722082344,127.030768815378,20,무료,,2.0,79001,,,서울 강남구,학교
337,[전남·제주] 한국과학창의재단_미래도시 모빌리티 엔지니어,한국과학창의재단,공공기관/공기업,전기 부품·제품 생산기계 조작원,직업실무체험형,,,Y,37.500722082344,127.030768815378,20,무료,,2.0,79001,,,서울 강남구,학교
336,[전남·제주] 한국과학창의재단_스포츠 크리에이터_레이저사격,한국과학창의재단,공공기관/공기업,기타 스포츠 및 여가서비스 종사원,직업실무체험형,,Y,,37.500722082344,127.030768815378,20,무료,,2.0,79001,,,서울 강남구,학교
335,[전남·제주] 한국과학창의재단_미래 농업의 스마트팜 엔지니어,한국과학창의재단,공공기관/공기업,기타,직업실무체험형,,,Y,37.500722082344,127.030768815378,20,무료,,2.0,79001,,,서울 강남구,학교
334,새우와 함께하는 생태탐험교실,새움길,개인사업장,농림어업직,현장직업체험형,Y,Y,,35.9384745330089,128.446298470871,30,유료,20000.0,2.0,79001,,,경북 칠곡군,학교
333,디자이너와 함께하는 떡케이크만들기,라앤케이크,개인사업장,주방장 및 요리 연구가,직업실무체험형,Y,,,37.3409841661554,127.92308903445,10,유료,55000.0,1.0,79001,,,강원 원주시,체험처
332,[요가·명상·싱잉볼] 웰니스 강사 체험,EON YOGA,개인사업장,기타 스포츠 및 여가서비스 종사원,현장직업체험형,,Y,Y,37.488650122389,127.126148074161,20,유료,15000.0,2.0,79001,,,서울 송파구,학교
331,"수제청 만들기(과일,야채,곡물,허브를 이용한수제청)",수라청,개인사업장,주방장 및 요리 연구가,직업실무체험형,Y,Y,Y,36.3067123834222,127.39857880749,20,유료,15000.0,2.0,79001,,,대전 중구,학교
330,그린 아카이브: 국가 희귀식물을 지키는 식물분류학자의 세계,당진도시공사(삼선산수목원),공공기관/공기업,식물학,강연형,Y,Y,Y,36.90680422082772,126.58973480214664,40,무료,,3.0,79001,,,충남 당진시,체험처
329,성상담사와 성교육 강사의 역할 및 성교육 체험,노원청소년성상담센터,청소년/시민단체,상담 전문가,강연형,Y,Y,,37.6585917686736,127.073609589753,30,무료,,2.0,79001,,62001.0,서울 노원구,체험처
328,[전남·제주] 한국과학창의재단_스포츠 크리에이터_양궁서바이벌,한국과학창의재단,공공기관/공기업,기타 스포츠 및 여가서비스 종사원,직업실무체험형,,Y,,37.500722082344,127.030768815378,20,무료,,2.0,79001,,,서울 강남구,학교
327,[전남·제주] 한국과학창의재단_네일 아트를 연출하는 네일 디자이너,한국과학창의재단,공공기관/공기업,메이크업 아티스트 및 분장사,직업실무체험형,,Y,,37.500722082344,127.030768815378,20,무료,,2.0,79001,,,서울 강남구,학교
326,[전남·제주] 한국과학창의재단_포토존을 만드는 공간 연출가,한국과학창의재단,공공기관/공기업,미디어 콘텐츠 디자이너,직업실무체험형,,Y,,37.500722082344,127.030768815378,20,무료,,2.0,79001,,,서울 강남구,학교
325,[전남·제주] 한국과학창의재단_관광 코스를 설계하는 여행 플래너,한국과학창의재단,공공기관/공기업,여행상품 개발자,직업실무체험형,,Y,,37.500722082344,127.030768815378,20,무료,,2.0,79001,,,서울 강남구,학교
324,[전남·제주] 한국과학창의재단_음료를 개발하는 바리스타,한국과학창의재단,공공기관/공기업,음료 조리사,직업실무체험형,,Y,,37.500722082344,127.030768815378,20,무료,,2.0,79001,,,서울 강남구,학교
323,[전남·제주] 한국과학창의재단_소품을 만드는 목공예 디자이너,한국과학창의재단,공공기관/공기업,목제품 제조원,직업실무체험형,Y,,,37.500722082344,127.030768815378,20,무료,,2.0,79001,,,서울 강남구,학교
322,네일아트 국가자격증 젤마블,SBS아카데미미용학원 인계캠퍼스,민간기업,기타 미용 서비스원,직업실무체험형,,Y,Y,37.2643097973442,127.033972725876,60,무료,,1.0,79001,,,경기 수원시,체험처
321,헤어 국가자격증 퍼머넌트,SBS아카데미미용학원 인계캠퍼스,민간기업,미용사,직업실무체험형,,Y,Y,37.2643097973442,127.033972725876,60,무료,,1.0,79001,,,경기 수원시,체험처
320,친환경수제비누만들기,행복한숲,청소년/시민단체,기타환경공학,학과체험형,Y,,,37.6512814293534,127.305182687498,25,유료,10000.0,2.0,79001,,,경기 남양주시,학교
319,[AI & 스포츠 과학]데이터로 배우는 미래형 버추얼 생활체육,대한버추얼스포츠협회,민간기업,인간과컴퓨터상호작용,현장직업체험형,Y,Y,Y,37.4563680232824,127.105156732943,50,유료,25000.0,3.0,79001,,,경기 성남시,학교
318,생활안전탐정이 되어보자,(주)에이톰엔지니어링,민간기업,기타 건설 구조 기능원,캠프형,Y,Y,Y,37.556769335043,127.206467727213,20,유료,500000.0,2.0,79001,,,경기 하남시,체험처
317,[전남·제주] 한국과학창의재단_축제를 기획하는 이벤트 기획자,한국과학창의재단,공공기관/공기업,공연·영화 및 음반 기획자,직업실무체험형,Y,,,37.500722082344,127.030768815378,20,무료,,2.0,79001,,,서울 강남구,학교
316,[전남·제주] 한국과학창의재단_미니어처 3D펜 디자이너,한국과학창의재단,공공기관/공기업,시각 디자이너,직업실무체험형,Y,,,37.500722082344,127.030768815378,20,무료,,2.0,79001,,,서울 강남구,학교
315,[전남·제주] 한국과학창의재단_지비츠를 만드는 굿즈 디자이너,한국과학창의재단,공공기관/공기업,제품 디자이너,직업실무체험형,Y,,,37.500722082344,127.030768815378,20,무료,,2.0,79001,,,서울 강남구,학교
314,[전남·제주] 한국과학창의재단_로컬 재료로 빵을 굽는 제빵사,한국과학창의재단,공공기관/공기업,주방장 및 요리 연구가,직업실무체험형,Y,,,37.500722082344,127.030768815378,20,무료,,2.0,79001,,,서울 강남구,학교
313,[전남·제주] 한국과학창의재단_랜턴을 만드는 소품 디자이너,한국과학창의재단,공공기관/공기업,제품 디자이너,직업실무체험형,Y,,,37.500722082344,127.030768815378,20,무료,,2.0,79001,,,서울 강남구,학교
312,[전남·제주] 한국과학창의재단_여행만화를 그리는 웹툰작가,한국과학창의재단,공공기관/공기업,시각 디자이너,직업실무체험형,Y,,,37.500722082344,127.030768815378,20,무료,,20.0,79001,,,서울 강남구,학교
311,콩콩콩 뭐가 될래? (고추장편),행복한숲,청소년/시민단체,주방장 및 요리 연구가,현장직업체험형,Y,Y,,37.6512814293534,127.305182687498,25,유료,15000.0,2.0,79001,,,경기 남양주시,학교
310,합(合)주 : 실용음악 밴드 프로젝트,홍스뮤직실용음악학원,개인사업장,대중/실용/영화음악,학과체험형,,Y,Y,35.1041037413759,129.025110337088,15,유료,18000.0,2.0,79001,,,부산 중구,체험처
309,강사 및 멘토지원 - 전기자동차개발자(1시간 과정),울산동구청소년진로지원센터,공공기관/공기업,소프트웨어 개발자,대화형,,Y,Y,35.50646208391512,129.4175320620196,100,유료,50000.0,1.0,79001,,,울산 동구,학교
308,[전남·제주] 한국과학창의재단_트랙을 설계하는 어트랙션 기획자,한국과학창의재단,공공기관/공기업,기계공학 기술자 및 연구원,직업실무체험형,Y,,,37.500722082344,127.030768815378,20,무료,,2.0,79001,,,서울 강남구,학교
307,[전남·제주] 한국과학창의재단_로컬 재료로 요리하는 꼬마요리사,한국과학창의재단,공공기관/공기업,한식 조리사,직업실무체험형,Y,,,37.500722082344,127.030768815378,20,무료,,2.0,79001,,,서울 강남구,학교
306,다시 태어난 종이 - 업사이클링 체험,우드 그리고 버닝이야기,개인사업장,제품 디자이너,직업실무체험형,Y,Y,Y,35.8189674934581,128.534992363924,25,유료,18000.0,2.0,79001,,,대구 달서구,학교
305,풍선아트 :: 행복을 만드는 직업,벌룬온탑,학교/대학교,제품 디자이너,직업실무체험형,Y,,,34.8055008915819,126.697150730414,10,유료,10000.0,1.0,79001,,,전남 영암군,학교
304,강사 및 멘토지원 - 심리상담사(1시간 과정),울산동구청소년진로지원센터,공공기관/공기업,사회복지사,대화형,,Y,Y,35.50625651377806,129.41744876146868,100,유료,50000.0,1.0,79001,,,울산 동구,학교
303,강사 및 멘토지원 - 간호사(1시간 과정),울산동구청소년진로지원센터,공공기관/공기업,간호사,대화형,,Y,Y,35.50627275740647,129.4175374039674,100,유료,50000.0,1.0,79001,,,울산 동구,학교
302,[꾸밍/학교방문형] 환경미술사_SOS멸종위기 동물 구하기,드림교육사회적협동조합,민간기업,기타 시각 및 공연 예술가,직업실무체험형,,Y,,36.7915464141345,127.10684105019708,50,유료,18000.0,2.0,79001,,62001.0,충남 아산시,학교
301,"Hello, New Start! 새학년 적응 캠프 [㈜비전에듀랩 워크북 활용]",(주)비전에듀랩,민간기업,데이터 전문가,캠프형,Y,,,37.3923133697778,126.956516194105,0,유료,20000.0,6.0,79001,,,경기 안양시,체험처
300,Dream ON! 진로성장 캠프 [㈜비전에듀랩 워크북 활용],(주)비전에듀랩,민간기업,데이터 전문가,캠프형,Y,,,37.3923133697778,126.956516194105,0,유료,20000.0,6.0,79001,,,경기 안양시,체험처
299,커리어 어드벤츠 직업 가치관 체험 캠프 [㈜비전에듀랩 워크북 활용],(주)비전에듀랩,민간기업,데이터 전문가,캠프형,Y,,,37.3923133697778,126.956516194105,0,유료,20000.0,6.0,79001,,,경기 안양시,체험처
298,감성 캘리그라피 체험,아인토 민화 그리고 도자기,개인사업장,서예,현장직업체험형,Y,Y,Y,37.5348809778271,127.142250233621,30,유료,25000.0,1.5,79001,,,서울 강동구,체험처
297,캔들 디자이너 체험,플래닛529,개인사업장,제품 디자이너,직업실무체험형,Y,Y,Y,37.3114656848658,127.640824148135,15,유료,20000.0,2.0,79001,,,경기 여주시,학교
296,청소년 해양분야 진로체험교육,국립해양측위정보원,공공기관/공기업,해양공학,현장견학형,Y,Y,Y,36.302786611823,127.580865055487,25,무료,,2.0,79001,5.0,62001.0,충북 옥천군,체험처
295,도자기 흙성형 체험,아인토 민화 그리고 도자기,개인사업장,도예,현장직업체험형,Y,Y,Y,37.5348809778271,127.142250233621,30,유료,35000.0,2.0,79001,,,서울 강동구,체험처
294,[특성화고] 현장실습 역량강화 WORK READY 캠프 [AI + ㈜비전에듀랩 워크북 활용],(주)비전에듀랩,민간기업,데이터 전문가,캠프형,,,Y,37.3923133697778,126.956516194105,0,유료,20000.0,6.0,79001,,,경기 안양시,체험처
293,[서울·인천] 한국과학창의재단_데이터 기반 AI 문제 해결 프로젝트,한국과학창의재단,공공기관/공기업,데이터 전문가,직업실무체험형,,,Y,37.500722082344,127.030768815378,20,무료,,2.0,79001,,,서울 강남구,학교
292,"[서울·인천] 한국과학창의재단_건강한 삶, 생활 문제 해결 프로젝트!",한국과학창의재단,공공기관/공기업,영양사,직업실무체험형,,,Y,37.500722082344,127.030768815378,20,무료,,2.0,79001,,,서울 강남구,학교
291,"[서울·인천] 한국과학창의재단_기후 위기를 막아라, 기후 위기 해결 프로젝트",한국과학창의재단,공공기관/공기업,기후학,직업실무체험형,,Y,,37.500722082344,127.030768815378,20,무료,,2.0,79001,,,서울 강남구,학교
290,[서울·인천] 한국과학창의재단_AI서비스 기획 프로젝트,한국과학창의재단,공공기관/공기업,통계학,직업실무체험형,,Y,,37.500722082344,127.030768815378,20,무료,,2.0,79001,,,서울 강남구,학교
289,『큐보로봇』을 활용한 「AI·로봇 메이커 융합교육 프로그램」,(주)와이즈교육 해운대총국,민간기업,응용 소프트웨어 개발자,직업실무체험형,Y,Y,,35.1688687822426,129.183263901412,30,유료,15000.0,2.0,79001,,62002.0,부산 해운대구,학교
288,★4차산업 부스형 체험 프로그램★ ICT러닝,진로팡(진천지점),민간기업,네트워크 시스템 개발자,직업실무체험형,Y,Y,Y,36.8537163648252,127.43901791562,40,유료,20000.0,2.0,79001,,,충북 진천군,체험처
287,[특성화고] 기업 적응력 강화 애티튜드 레벨업 캠프 [AI + ㈜비전에듀랩 워크북 활용],(주)비전에듀랩,민간기업,데이터 전문가,캠프형,,,Y,37.3923133697778,126.956516194105,0,유료,20000.0,6.0,79001,,,경기 안양시,체험처
286,★4차산업 부스형 체험 프로그램★ AI인공지능 바둑/오목,진로팡(진천지점),민간기업,데이터 전문가,직업실무체험형,Y,Y,Y,36.8537163648252,127.43901791562,40,유료,20000.0,2.0,79001,,,충북 진천군,체험처
285,★4차산업 부스형 체험 프로그램★ 3D펜 체험,진로팡(진천지점),민간기업,미디어 콘텐츠 디자이너,직업실무체험형,Y,Y,Y,36.8537163648252,127.43901791562,40,유료,20000.0,2.0,79001,,,충북 진천군,체험처
284,[특성화고] NCS 공공기관 취업 컨설팅 NCS 취업역량강화 캠프  [AI + ㈜비전에듀랩 워크북 활용],(주)비전에듀랩,민간기업,데이터 전문가,캠프형,,,Y,37.3923133697778,126.956516194105,0,유료,20000.0,6.0,79001,,,경기 안양시,체험처
283,[서울·인천] 한국과학창의재단_스마트 도시 안전 설계 프로젝트,한국과학창의재단,공공기관/공기업,도시개발/계획,직업실무체험형,,Y,,37.500722082344,127.030768815378,20,무료,,2.0,79001,,,서울 강남구,학교
282,[서울·인천] 한국과학창의재단_디지털 콘텐츠 크리에이터 프로젝트,한국과학창의재단,공공기관/공기업,디자이너,직업실무체험형,Y,,,37.500722082344,127.030768815378,20,무료,,2.0,79001,,,서울 강남구,학교
281,[서울·인천] 한국과학창의재단_미래 에너지 전문가 프로젝트!,한국과학창의재단,공공기관/공기업,환경공학 기술자 및 연구원,직업실무체험형,Y,,,37.500722082344,127.030768815378,20,무료,,2.0,79001,,,서울 강남구,학교
280,"[서울·인천] 한국과학창의재단_따뜻한 예술과, 차가운 기술의 만남은?",한국과학창의재단,공공기관/공기업,"지휘자, 작곡가 및 연주가",직업실무체험형,Y,,,37.500722082344,127.030768815378,20,무료,,2.0,79001,,,서울 강남구,학교
279,[특성화고] 취업역량강화 실전 면접 마스터 캠프  [AI + ㈜비전에듀랩 워크북 활용],(주)비전에듀랩,민간기업,데이터 전문가,캠프형,,,Y,37.3923133697778,126.956516194105,0,유료,20000.0,6.0,79001,,,경기 안양시,체험처
278,★4차산업 부스형 체험 프로그램★ AR미로찾기,진로팡(진천지점),민간기업,응용 소프트웨어 개발자,직업실무체험형,Y,Y,Y,36.8537163648252,127.43901791562,40,유료,20000.0,2.0,79001,,,충북 진천군,체험처
277,[특성화고] 취업역량강화 AI 활용 자기소개서 완성 캠프 자기소개서 사후 첨삭 후 최종 완성본을 제출드립니다. [AI + ㈜비전에듀랩 워크북 활용],(주)비전에듀랩,민간기업,경영·진단 전문가,캠프형,,,Y,37.3923133697778,126.956516194105,0,유료,20000.0,6.0,79001,,,경기 안양시,체험처
276,★4차산업 로봇 스포츠 체험 프로그램★ 로봇 축구,진로팡(진천지점),민간기업,기타 컴퓨터 전문가 및 소프트웨어 전문가,직업실무체험형,Y,Y,Y,36.8537163648252,127.43901791562,40,유료,20000.0,2.0,79001,,,충북 진천군,체험처
275,[특성화고] 취업역량강화 AI 활용 취업 올인원 마스터 캠프 [AI + ㈜비전에듀랩 워크북 활용],(주)비전에듀랩,민간기업,데이터 전문가,캠프형,,,Y,37.3923133697778,126.956516194105,0,유료,20000.0,6.0,79001,,,경기 안양시,체험처
274,[특성화고] AI 시대 중소기업 이해연수 + 선취업 후학습 하이라이트 중소기업·선취업 미래전략 캠프 [AI + ㈜비전에듀랩 워크북 활용],(주)비전에듀랩,민간기업,데이터 전문가,캠프형,,,Y,37.3923133697778,126.956516194105,0,유료,20000.0,6.0,79001,,,경기 안양시,체험처
273,[서울·인천] 한국과학창의재단_건강한 생활은 누가 만들까? 나도 건강 직업인이 될 수 있을까?,한국과학창의재단,공공기관/공기업,영양사,직업실무체험형,Y,,,37.500722082344,127.030768815378,20,무료,,2.0,79001,,,서울 강남구,학교
272,[서울·인천] 한국과학창의재단_우주선을 디자인하라! AI디자이너,한국과학창의재단,공공기관/공기업,산업디자인,직업실무체험형,Y,,,37.500722082344,127.030768815378,20,무료,,2.0,79001,,,서울 강남구,학교
271,★4차산업 로봇 스포츠 체험 프로그램★ 로봇 배틀,진로팡(진천지점),민간기업,기계공학 기술자 및 연구원,직업실무체험형,Y,Y,Y,36.8537163648252,127.43901791562,40,유료,20000.0,2.0,79001,,,충북 진천군,체험처
270,★4차산업 로봇 스포츠 체험 프로그램★ 로봇 농구,진로팡(진천지점),민간기업,기타 컴퓨터 전문가 및 소프트웨어 전문가,직업실무체험형,Y,Y,Y,36.8537163648252,127.43901791562,40,유료,20000.0,2.0,79001,,,충북 진천군,체험처
269,[특성화고] 디지털 포트폴리오 & AI 면접 마스터 세상 데뷔 프로젝트 with AI 캠프 [AI + ㈜비전에듀랩 워크북 활용],(주)비전에듀랩,민간기업,데이터 전문가,캠프형,,,Y,37.3923133697778,126.956516194105,0,유료,20000.0,6.0,79001,,,경기 안양시,체험처
268,[특성화고] 디지털 취업 실무역량 SMART WORK 캠프 [AI + ㈜비전에듀랩 워크북 활용],(주)비전에듀랩,민간기업,데이터 전문가,캠프형,,,Y,37.3923133697778,126.956516194105,0,유료,20000.0,6.0,79001,,,경기 안양시,체험처
267,[서울·인천] 한국과학창의재단_AI 게임 개발자의 우주 게임 제작소,한국과학창의재단,공공기관/공기업,시각 디자이너,직업실무체험형,,,Y,37.500722082344,127.030768815378,20,무료,,2.0,79001,,,서울 강남구,학교
266,[체험형] 찾진&멘토링 [스마트팜개발자-아두이누코딩],교육공감협동조합,민간기업,자연과학 연구원,직업실무체험형,,Y,,35.5438097037233,129.330091790831,100,유료,15000.0,2.0,79001,,62002.0,울산 남구,체험처
265,★4차산업 로봇 스포츠 체험 프로그램★ 로봇 레이싱,진로팡(진천지점),민간기업,로봇공학 기술자 및 연구원,직업실무체험형,Y,Y,Y,36.8537163648252,127.43901791562,40,유료,20000.0,2.0,79001,,,충북 진천군,체험처
264,★4차산업 로봇 스포츠 체험 프로그램★ 로봇 컬링,진로팡(진천지점),민간기업,응용 소프트웨어 개발자,직업실무체험형,Y,Y,Y,36.8537163648252,127.43901791562,40,유료,20000.0,2.0,79001,,,충북 진천군,체험처
263,★4차산업 로봇 스포츠 체험 프로그램★ AR 양궁,진로팡(진천지점),민간기업,응용 소프트웨어 개발자,직업실무체험형,Y,Y,Y,36.8537163648252,127.43901791562,30,유료,20000.0,2.0,79001,,,충북 진천군,체험처
262,컨서베이터 직업체험,전남도립미술관,공공기관/공기업,학예사 및 문화재 보존원,현장직업체험형,,Y,Y,34.967749896888,127.588858883557,30,무료,,2.0,79001,,62001.0,전남 광양시,체험처
261,★학교로 찾아오는 진로체험★ 드론,진로팡(진천지점),민간기업,기계공학 기술자 및 연구원,직업실무체험형,Y,Y,Y,36.8537163648252,127.43901791562,30,유료,20000.0,2.0,79001,,,충북 진천군,체험처
260,[서울·인천] 한국과학창의재단_드론 물류택배 미션,한국과학창의재단,공공기관/공기업,항공운항관리,현장직업체험형,,Y,,37.500722082344,127.030768815378,20,무료,,2.0,79001,,,서울 강남구,학교
259,전시디자이너 직업체험,전남도립미술관,공공기관/공기업,학예사 및 문화재 보존원,현장직업체험형,,Y,Y,34.967749896888,127.588858883557,30,무료,,2.0,79001,,62001.0,전남 광양시,체험처
258,★학교로 찾아오는 진로체험★ 인공지능 보드게임,진로팡(진천지점),민간기업,데이터 전문가,직업실무체험형,Y,Y,Y,36.8537163648252,127.43901791562,30,유료,20000.0,2.0,79001,,,충북 진천군,체험처
257,큐레이터 직업체험,전남도립미술관,공공기관/공기업,학예사 및 문화재 보존원,현장직업체험형,,Y,Y,34.967749896888,127.588858883557,60,무료,,2.0,79001,,62001.0,전남 광양시,체험처
256,★학교로 찾아오는 진로체험★ 스마트팜 전문가,진로팡(진천지점),민간기업,응용 소프트웨어 개발자,직업실무체험형,,Y,Y,36.8537163648252,127.43901791562,30,유료,20000.0,2.0,79001,,,충북 진천군,체험처
255,★학교로 찾아오는 진로체험★ 언플러그드 코딩(카미봇),진로팡(진천지점),민간기업,로봇공학 기술자 및 연구원,직업실무체험형,Y,,,36.8537163648252,127.43901791562,30,유료,20000.0,2.0,79001,,,충북 진천군,체험처
254,2026. 꿈을 잇는 충북인재멘토링 투어(대학생멘토링),보은진로체험지원센터,민간기업,기타,강연형,,,Y,36.4804427243768,127.719312922068,500,무료,,2.0,79001,,,충북 보은군,학교
253,[체험형] 찾진&멘토링 [제과제빵-카피바라케이크](2차시),남구오마이초콜릿파이,개인사업장,음식 서비스직,직업실무체험형,Y,,,35.5438097037233,129.330091790831,100,유료,15000.0,2.0,79001,,62001.0,울산 남구,체험처
252,학부모 진로공감 프로그램,보은진로체험지원센터,민간기업,기타,강연형,Y,Y,Y,36.4804427243768,127.719312922068,100,무료,,2.0,79001,,,충북 보은군,학교
251,[서울·인천] 한국과학창의재단_우주탐사대 드론 파일럿,한국과학창의재단,공공기관/공기업,항공운항관리,직업실무체험형,Y,,,37.500722082344,127.030768815378,20,무료,,2.0,79001,,,서울 강남구,학교
250,찾아가는 드론교육 One-Day School,(주)드론스포츠파크,개인사업장,기타,대화형,Y,,,37.5301933196157,127.123792501252,25,무료,,4.0,79001,,62001.0,서울 강동구,학교
249,전사디자인 유리식기 만들기,아인토 민화 그리고 도자기,개인사업장,공예,현장직업체험형,Y,Y,Y,37.5348809778271,127.142250233621,30,유료,30000.0,1.0,79001,,,서울 강동구,체험처
248,전사디자인 도자기 만들기,아인토 민화 그리고 도자기,개인사업장,도예,현장직업체험형,Y,Y,Y,37.5348809778271,127.142250233621,30,유료,20000.0,1.0,79001,,,서울 강동구,체험처
247,도자기 핸드페인팅 체험,아인토 민화 그리고 도자기,개인사업장,도예,현장직업체험형,Y,Y,Y,37.5348809778271,127.142250233621,30,유료,25000.0,1.5,79001,,,서울 강동구,체험처
246,민화(채색화) 그리기 체험,아인토 민화 그리고 도자기,개인사업장,동양화/한국화,현장직업체험형,Y,Y,Y,37.5348809778271,127.142250233621,30,유료,30000.0,2.0,79001,,,서울 강동구,체험처
245,일일직업체험 <일들의 사전> : 건축가 편,광주광역시청소년삶디자인센터,청소년/시민단체,건축가,직업실무체험형,,Y,Y,35.14740060687924,126.91625712888252,14,무료,,2.0,79001,5.0,62001.0,광주 동구,체험처
244,약용식물이나 허브로 드레싱 오일 만들기 진로체험,(주)메사코사(아로마테라피 체험박물관),개인사업장,문리·어학 강사,현장직업체험형,Y,Y,,35.07534429074647,127.55439181170844,25,유료,25000.0,2.0,79001,,62001.0,전남 광양시,학교
243,아로마테라피와  산림치유 체험,(주)메사코사(아로마테라피 체험박물관),개인사업장,문리·어학 강사,현장직업체험형,Y,Y,Y,35.07538919435256,127.55442774911847,20,유료,25000.0,2.0,79001,,62001.0,전남 광양시,체험처
242,매화수를 이용한 화장품 만들기를 통한 진로체험,(주)메사코사(아로마테라피 체험박물관),개인사업장,문리·어학 강사,직업실무체험형,Y,Y,Y,35.07537820338295,127.55436737161486,25,유료,25000.0,2.0,79001,,62001.0,전남 광양시,학교
241,인두화(우드버닝&목공예),도원공방,학교/대학교,기타,직업실무체험형,Y,Y,Y,37.3213956368484,127.941936061846,20,유료,30000.0,2.0,79001,,,강원 원주시,학교
240,[체험형] 찾진&멘토링 [원예치료-식물로만드는걱정인형],오아숲,개인사업장,농림어업직,직업실무체험형,Y,,,35.5438097037233,129.330091790831,100,유료,15000.0,2.0,79001,5.0,,울산 남구,체험처
239,[체험형] 찾진&멘토링 [제과제빵-곰들렌컵케이크](2차시),남구오마이초콜릿파이,개인사업장,음식 서비스직,직업실무체험형,Y,,,35.5438097037233,129.330091790831,100,유료,15000.0,2.0,79001,5.0,62001.0,울산 남구,체험처
238,[체험형] 찾진&멘토링 [친환경소재공예가-조각유리업사이클링냄비받침](2차시),(주)호재_쁘띠마망,개인사업장,예술·디자인·방송직,직업실무체험형,Y,,,35.5438097037233,129.330091790831,100,유료,15000.0,2.0,79001,5.0,,울산 남구,체험처
237,[체험형] 찾진&멘토링 [친환경소재공예가-조각유리업사이클링냄비받침],(주)호재_쁘띠마망,개인사업장,예술·디자인·방송·스포츠직,직업실무체험형,Y,,,35.5438097037233,129.330091790831,100,유료,15000.0,2.0,79001,,,울산 남구,체험처
236,초등학교 특수반 체험학습,한지공예/주.예림,개인사업장,화가 및 조각가,직업실무체험형,Y,,,35.15928253600949,129.14430679877466,5,유료,10000.0,2.0,79001,,,부산 해운대구,학교
235,★학교로 찾아오는 진로체험★ 웨어러블 로봇 전문가,진로팡(진천지점),민간기업,로봇공학 기술자 및 연구원,직업실무체험형,Y,Y,Y,36.8537163648252,127.43901791562,30,유료,20000.0,2.0,79001,,,충북 진천군,체험처
234,★학교로 찾아오는 진로체험★ 3D설계 전문가,진로팡(진천지점),민간기업,기계공학 기술자 및 연구원,직업실무체험형,Y,Y,Y,36.8537163648252,127.43901791562,30,유료,20000.0,2.0,79001,,,충북 진천군,체험처
233,★학교로 찾아오는 진로체험★ 코딩(아두이노) 전문가,진로팡(진천지점),민간기업,시스템 소프트웨어 개발자,직업실무체험형,,Y,Y,36.8537163648252,127.43901791562,30,유료,20000.0,2.0,79001,,,충북 진천군,체험처
232,★학교로 찾아오는 진로체험★ 로봇공학자,진로팡(진천지점),민간기업,로봇공학 기술자 및 연구원,직업실무체험형,Y,Y,Y,36.8537163648252,127.43901791562,30,유료,20000.0,2.0,79001,,,충북 진천군,체험처
231,★학교로 찾아오는 진로체험★ 게임개발 전문가,진로팡(진천지점),민간기업,응용 소프트웨어 개발자,직업실무체험형,Y,Y,Y,36.8537163648252,127.43901791562,30,유료,200000.0,2.0,79001,,,충북 진천군,체험처
230,★학교로 찾아오는 진로체험★ 코딩(아두이노) 심화 과정(3회기),진로팡(진천지점),민간기업,기타 컴퓨터 전문가 및 소프트웨어 전문가,직업실무체험형,,Y,Y,36.8537163648252,127.43901791562,200,유료,20000.0,2.0,79001,,,충북 진천군,체험처
229,메이크업 직업실무체험,비비드스킨엔 브로우,개인사업장,메이크업 아티스트 및 분장사,직업실무체험형,Y,Y,Y,35.0943776683714,128.903500417281,10,유료,10000.0,2.0,79001,,,부산 강서구,학교
228,★학교로 찾아오는 진로체험★ 로봇공학자 심화 과정(3회기),진로팡(진천지점),민간기업,로봇공학 기술자 및 연구원,직업실무체험형,Y,Y,Y,36.8537163648252,127.43901791562,90,유료,20000.0,2.0,79001,,,충북 진천군,체험처
227,[기후.환경] 데이터분석을 통한 업사이클링,내일을여는 교육협회,민간기업,응용 소프트웨어 개발자,캠프형,Y,Y,Y,37.3045841584486,127.92145640694122,20,유료,50000.0,4.0,79001,,,강원 원주시,학교
226,★학교로 찾아오는 진로체험★ 오조봇(언플러그드 코딩),진로팡(진천지점),민간기업,기계공학 기술자 및 연구원,직업실무체험형,Y,,,36.8537163648252,127.43901791562,30,유료,20000.0,2.0,79001,,,충북 진천군,체험처
225,★학교로 찾아오는 진로체험★ 메타버스/가상현실 전문가,진로팡(진천지점),민간기업,응용 소프트웨어 개발자,직업실무체험형,Y,Y,Y,36.8537163648252,127.43901791562,30,유료,20000.0,2.0,79001,,,충북 진천군,체험처
224,★학교로 찾아오는 진로체험★ 3D설계 심화 과정 (3회기),진로팡(진천지점),민간기업,기계공학 기술자 및 연구원,직업실무체험형,Y,Y,Y,36.8537163648252,127.43901791562,110,유료,20000.0,2.0,79001,,,충북 진천군,체험처
223,댄스전공 하루 체험 클래스,한양여자대학교,학교/대학교,사회/생활체육,학과체험형,,,Y,37.55893213097747,127.04927514420672,40,무료,,3.0,79001,,62001.0,서울 성동구,체험처
222,★학교로 찾아오는 진로체험★ 자율주행 전문가 심화 과정(3회기),진로팡(진천지점),민간기업,컴퓨터시스템 전문가,직업실무체험형,Y,Y,Y,36.8537163648252,127.43901791562,90,유료,20000.0,2.0,79001,,,충북 진천군,체험처
221,[서울·인천] 한국과학창의재단_지구를 살리는 환경지키미!,한국과학창의재단,공공기관/공기업,환경공학,직업실무체험형,Y,,,37.500722082344,127.030768815378,20,무료,,2.0,79001,,,서울 강남구,학교
220,[서울·인천] 한국과학창의재단_AI눈으로 보는 우주생물 탐지,한국과학창의재단,공공기관/공기업,항공우주공학,직업실무체험형,Y,,,37.500722082344,127.030768815378,20,무료,,2.0,79001,,,서울 강남구,학교
219,[체험형] 찾진&멘토링 [공기정화 토피어리],(주)호재_쁘띠마망,개인사업장,예술·디자인·방송직,직업실무체험형,Y,,,35.5438097037233,129.330091790831,100,유료,15000.0,2.0,79001,5.0,,울산 남구,체험처
218,League of AI : 생성형 AI 미래역량 프로젝트  AI 기반 창의융합 · 프로젝트형 진로교육,꿈을Dream,개인사업장,기타,캠프형,Y,Y,Y,37.57903424304891,126.8613189486096,1000,유료,400000.0,4.0,79001,,62001.0,경기 고양시,학교
217,STUDY QUEST (자기주도학습 * 학습동기부여 * 공부방법),꿈을Dream,개인사업장,기타,캠프형,Y,Y,Y,37.57901643587759,126.86150011593708,1000,유료,400000.0,4.0,79001,,62001.0,경기 고양시,학교
216,특별한 나 함께하는 우리 ( 인성교육 * 의사소통 * 자기효능감 * 공감능력 ),꿈을Dream,개인사업장,기타,캠프형,Y,Y,Y,37.5789893397103,126.86144356167928,1000,유료,400000.0,4.0,79001,,62001.0,경기 고양시,학교
215,꿈의 마을 프로젝트 (기업가정신 * 4차산업혁명),꿈을Dream,개인사업장,기타,캠프형,Y,Y,Y,37.57896221692733,126.86136436574068,1000,유료,400000.0,4.0,79001,,62001.0,경기 고양시,학교
214,The Code Project (리더십 · 자신감 · 팀빌딩 · 협동심),꿈을Dream,개인사업장,기타,캠프형,Y,Y,Y,37.5790072266063,126.8613303196102,1000,유료,400000.0,4.0,79001,,62001.0,경기 고양시,학교
213,손으로 만드는 나만의 '이모티콘',럭스웹,개인사업장,미디어 콘텐츠 디자이너,직업실무체험형,Y,Y,Y,37.299876348877206,126.8358690725976,40,유료,100000.0,4.0,79001,,62001.0,경기 안산시,학교
212,Dream Maker 프로젝트 (진로동기부여),꿈을Dream,개인사업장,기타,캠프형,Y,Y,Y,37.5799444374176,126.860258630499,1000,유료,400000.0,4.0,79001,,62001.0,경기 고양시,학교
211,학교방문형 진로 프로그램(인문학),대전청소년위캔센터,공공기관/공기업,기타,현장직업체험형,Y,Y,Y,36.327042916412616,127.43292864988878,30,유료,15000.0,90.0,79001,,62001.0,대전 동구,체험처
210,보령머드 천연비누 공예,보미네,개인사업장,기타,직업실무체험형,Y,Y,Y,36.3527585942195,126.599375114862,30,유료,25000.0,1.0,79001,,,충남 보령시,학교
209,처음 만나는 바이브 코딩 : 나만의 모바일 앱 만들기,한국열린평생교육원,개인사업장,응용 소프트웨어 개발자,현장직업체험형,Y,Y,Y,37.4887584401821,126.725228254747,18,유료,50000.0,12.0,79001,,62001.0,인천 부평구,체험처
208,꽃과함께자라는우리(꺽꽂이키우기),헤오름치유농업연구소,개인사업장,원예작물 재배원,강연형,Y,Y,,36.4816788992204,127.326858644491,40,유료,13000.0,1.0,79001,,,세종 세종시,학교
207,KORAD와 함께하는 방사성폐기물 안전 및 진로체험,한국원자력환경공단 본사,공공기관/공기업,정부·공공행정 전문가,강연형,,Y,,35.8402398290981,129.196868309458,150,무료,,1.0,79001,5.0,,경북 경주시,체험처
206,마음회복감성액자초록사진관,헤오름치유농업연구소,개인사업장,원예작물 재배원,강연형,Y,Y,,36.4816788992204,127.326858644491,40,유료,13000.0,1.0,79001,,,세종 세종시,학교
205,꿈을 빚다(과일모찌 만들기),달래강72,개인사업장,기타 조리사,현장직업체험형,,Y,,36.95866060735485,127.88260469963946,40,유료,25000.0,2.0,79001,,,충북 충주시,체험처
204,[3D모델링] 내 손으로 디자인하는 세상: 틴커캐드 3D 모델링,두드림연구소,민간기업,로봇공학 기술자 및 연구원,직업실무체험형,Y,Y,,36.1897296235488,127.100973418802,30,유료,15000.0,2.0,79001,5.0,62001.0,충남 논산시,학교
203,[체험처방문형] 찾아오는 반려견 행동지도·산책교육 진로체험,동물이음 사회적협동조합(창원지점),민간기업,동물학,직업실무체험형,,Y,Y,35.22770561455298,128.65099919699017,5,유료,50000.0,2.0,79001,,,경남 창원시,체험처
202,[학교방문형] 찾아가는 동물교감치유 교실,동물이음 사회적협동조합(창원지점),민간기업,상담심리/심리치료,대화형,Y,Y,,35.2269052381334,128.651705893433,9,유료,50000.0,2.0,79001,,,경남 창원시,학교
201,[학교방문형] 찾아가는 반려동물·진로직업 교실,동물이음 사회적협동조합(창원지점),민간기업,동물학,직업실무체험형,Y,Y,,35.2269052381334,128.651705893433,15,유료,25000.0,2.0,79001,,,경남 창원시,학교
200,🎨 클레이페인팅솝 만들기 | 비누공예가 직업체험,솝솝의 작업실,개인사업장,제품 디자이너,현장직업체험형,Y,Y,Y,37.4831837824731,126.948287683276,10,유료,20000.0,2.0,79001,,,서울 관악구,체험처
199,♻️ 친환경 올인원 샴푸바 만들기,솝솝의 작업실,개인사업장,제품 디자이너,현장직업체험형,Y,Y,Y,37.4831837824731,126.948287683276,10,유료,20000.0,2.0,79001,,,서울 관악구,체험처
198,[학교방문형] 찾아가는 동물사랑·반려문화 교실,동물이음 사회적협동조합(창원지점),민간기업,동물학,강연형,Y,,,35.2269052381334,128.651705893433,20,유료,15000.0,2.0,79001,,,경남 창원시,학교
197,인테리어 시장 및 자재 유통 체험 목표,유한회사 에이치엠,민간기업,기타,현장직업체험형,Y,Y,Y,37.5667867022968,126.817787577728,30,유료,20000.0,90.0,79001,,,서울 강서구,체험처
196,진로체험 애견미용사,동반,개인사업장,반려동물 미용 및 관리 종사원,현장직업체험형,,Y,Y,36.1757415310546,127.77059384827,30,유료,20000.0,2.0,79001,,,충북 영동군,체험처
195,신비한 타조 생태 탐구와 사육사 직업 체험,헤이리치,개인사업장,가축 사육 종사원,현장견학형,Y,,,35.3093365916179,128.381850320001,24,유료,18000.0,60.0,79001,,,경남 함안군,체험처
194,마음을 나누는 심리상담사,도담아동발달센터양산점,개인사업장,임상심리사,현장직업체험형,Y,Y,Y,35.31040466045321,129.00562003909585,20,무료,,1.0,79001,,62001.0,경남 양산시,체험처
193,우드버닝,영양목재문화체험장,공공기관/공기업,제품 디자이너,현장직업체험형,Y,,,36.70095872950805,129.11231764573247,5,유료,8000.0,1.0,79001,,,경북 영양군,체험처
192,즐겁고 신나는 승마&직업체험,탄금승마클럽,개인사업장,기타,현장직업체험형,,Y,,36.95951956757936,127.88432690805244,30,유료,25000.0,2.0,79001,,,충북 충주시,학교
191,"신입생 오리엔테이션 Hello, New Start 캠프  [AI + ㈜비전에듀랩 워크북 활용]",(주)비전에듀랩,민간기업,데이터 전문가,캠프형,,Y,Y,37.3923133697778,126.956516194105,0,유료,20000.0,6.0,79001,,,경기 안양시,체험처
190,문해력 딥 리터러시 캠프 [㈜비전에듀랩 워크북 활용],(주)비전에듀랩,민간기업,데이터 전문가,캠프형,Y,Y,Y,37.3923133697778,126.956516194105,0,유료,20000.0,6.0,79001,,,경기 안양시,체험처
189,문해력 성장 레시피 흑백 리터러시 챌린지 캠프 [㈜비전에듀랩 워크북 활용],(주)비전에듀랩,민간기업,데이터 전문가,캠프형,Y,Y,Y,37.3923133697778,126.956516194105,0,유료,20000.0,6.0,79001,,,경기 안양시,체험처
188,경제·금융 FQ(Financial Quotient) 머니 원정대 캠프[AI + ㈜비전에듀랩 워크북 활용],(주)비전에듀랩,민간기업,데이터 전문가,캠프형,Y,Y,Y,37.3923133697778,126.956516194105,0,유료,20000.0,6.0,79001,,,경기 안양시,체험처
187,퍼실리테이션 WITH TALK 캠프,(주)비전에듀랩,민간기업,인문과학 연구원,캠프형,Y,Y,Y,37.3923133697778,126.956516194105,0,유료,20000.0,6.0,79001,,,경기 안양시,체험처
186,"이미지메이킹 : 형태, 색, 태도(집중형, 분산형 선택 가능) / 퍼스널컬러 진단 가치 시각화 프로젝트 비주얼 디렉팅 캠프 [AI + ㈜비전에듀랩 워크북 활용]",(주)비전에듀랩,민간기업,데이터 전문가,캠프형,,Y,Y,37.3923133697778,126.956516194105,0,유료,20000.0,6.0,79001,,,경기 안양시,체험처
185,버크만 리더십 컬러 코드 캠프,(주)비전에듀랩,민간기업,데이터 전문가,캠프형,,Y,Y,37.3923133697778,126.956516194105,0,유료,20000.0,6.0,79001,,,경기 안양시,체험처
184,스피치 프레젠테이션 S.P.E.A.K 캠프 [AI + ㈜비전에듀랩 워크북 활용],(주)비전에듀랩,민간기업,데이터 전문가,캠프형,Y,Y,Y,37.3923133697778,126.956516194105,0,유료,20000.0,6.0,79001,,,경기 안양시,체험처
183,"퍼스널브랜딩 I-Dentity 내 삶을 이끄는 힘, 셀프리더십 캠프 [AI + ㈜비전에듀랩 워크북 활용]",(주)비전에듀랩,민간기업,데이터 전문가,캠프형,Y,Y,Y,37.3923133697778,126.956516194105,0,유료,20000.0,6.0,79001,,,경기 안양시,체험처
182,학생자치 리더십 부스터 캠프 [AI + ㈜비전에듀랩 워크북 활용],(주)비전에듀랩,민간기업,데이터 전문가,캠프형,Y,Y,Y,37.3923133697778,126.956516194105,0,유료,20000.0,6.0,79001,,,경기 안양시,체험처
181,DiSC 리더십 레벨업 캠프 [AI + ㈜비전에듀랩 워크북 활용],(주)비전에듀랩,민간기업,데이터 전문가,캠프형,Y,Y,Y,37.3923133697778,126.956516194105,0,유료,20000.0,6.0,79001,,,경기 안양시,체험처
180,함께 만드는 미래 리더십 캠프 [AI + ㈜비전에듀랩 워크북 활용],(주)비전에듀랩,민간기업,데이터 전문가,캠프형,Y,Y,Y,37.3923133697778,126.956516194105,0,유료,20000.0,6.0,79001,,,경기 안양시,체험처
179,성인지 감수성 양성평등 WITH RESPECT 캠프 [AI + ㈜비전에듀랩 워크북 활용],(주)비전에듀랩,민간기업,데이터 전문가,캠프형,,Y,Y,37.3923133697778,126.956516194105,0,유료,20000.0,6.0,79001,,,경기 안양시,체험처
178,스트레스 관리 Mind-Gym 내 마음의 근력 키우기 캠프  [AI + ㈜비전에듀랩 워크북 활용],(주)비전에듀랩,민간기업,데이터 전문가,캠프형,Y,Y,Y,37.3923133697778,126.956516194105,0,유료,20000.0,6.0,79001,,,경기 안양시,체험처
177,"시티즌크래프트 : 나를 찾고, 우리를 잇는 민주시민교육 [AI + ㈜비전에듀랩 워크북 활용]",(주)비전에듀랩,민간기업,데이터 전문가,캠프형,Y,Y,Y,37.3923133697778,126.956516194105,0,유료,20000.0,6.0,79001,,,경기 안양시,체험처
176,올바른 인성 함양 WITH PLAY 인성 캠프 [AI + ㈜비전에듀랩 워크북 활용],(주)비전에듀랩,민간기업,데이터 전문가,캠프형,Y,Y,Y,37.3923133697778,126.956516194105,0,유료,20000.0,6.0,79001,,,경기 안양시,체험처
175,중학생 원데이 클래스 자기소개서 & 면접 [AI + ㈜비전에듀랩 워크북 활용] 증거와 논리로 완성하는 나 입증 캠프,(주)비전에듀랩,민간기업,데이터 전문가,캠프형,,Y,Y,37.3923133697778,126.956516194105,0,유료,20000.0,6.0,79001,,,경기 안양시,체험처
174,시원한 여름 바다 만들기-디오션디오라마,조인공작소,개인사업장,기타,직업실무체험형,Y,Y,Y,36.3635250963285,127.353659081769,70,유료,25000.0,2.0,79001,,,대전 유성구,학교
173,가죽제품 디자이너 직업체험 & 카드지갑 제작,주식회사포인방,민간기업,기타,현장직업체험형,Y,Y,Y,37.3884840763235,126.935679913117,15,유료,30000.0,2.0,79001,,,경기 안양시,학교
172,원예 체험(환경교육) - 테라리움 작은 지구 만들기,조인공작소,개인사업장,기타,직업실무체험형,Y,Y,Y,36.3622851114387,127.356257593324,80,유료,35000.0,2.0,79001,,,대전 유성구,학교
171,찾아가는 공연&진로토크프로그램 - 어린이 청소년 뮤지컬 [LINK:모두를 잇다],인터플롯,민간기업,기타 시각 및 공연 예술가,강연형,Y,Y,Y,37.6404746204669,127.011173751297,300,유료,2500000.0,2.0,79001,,,서울 강북구,학교
170,메이킹창원②-창원 특산물과 연계한 생활소품 만들기,창원시설관리공단(우리누리청소년문화센터),공공기관/공기업,제품 디자이너,직업실무체험형,,Y,,35.2404201354842,128.590361596706,20,유료,10000.0,2.0,79001,,62001.0,경남 창원시,체험처
169,식물 동정법을 체험하고 표본을 만들어보는 <어쩌다 식물학자>,국립호남권생물자원관,공공기관/공기업,자연과학 연구원,현장직업체험형,,Y,Y,34.7669417683597,126.366391254665,30,유료,10000.0,2.0,79001,,62001.0,전남 목포시,체험처
168,메이킹창원①-팻 아이싱쿠키,창원시설관리공단(우리누리청소년문화센터),공공기관/공기업,기타 조리사,직업실무체험형,,Y,,35.2404201354842,128.590361596706,20,유료,10000.0,2.0,79001,,62001.0,경남 창원시,체험처
167,지역연계 AIㆍDX 진로직업체험 프로그램,연암공과대학교,학교/대학교,인공지능/전문가시스템응용,학과체험형,Y,Y,Y,35.165247532728394,128.09812554043313,30,무료,,3.0,79001,,62001.0,경남 진주시,체험처
166,찾아가는 저작권 교육,한국저작권위원회,공공기관/공기업,기타,강연형,Y,Y,Y,35.17909205168867,128.13425235250116,30,무료,,2.0,79003,,62001.0,경남 진주시,학교
165,은공예 체험(출강가능),주얼리아카데미학원,개인사업장,공예원,직업실무체험형,Y,Y,Y,35.874440606616425,128.59706405225333,10,유료,40000.0,2.0,79001,,,대구 중구,체험처
164,링963봄 황동 각인 책갈피 클래스,충주액세서리 링963봄,개인사업장,제품 디자이너,현장직업체험형,,Y,Y,36.9709147170515,127.932214623269,30,유료,20000.0,2.0,79001,,,충북 충주시,학교
163,내 손안에 작은 정원 프로젝트(다회차 프로그램),도담다육,개인사업장,기타,직업실무체험형,Y,Y,,37.0149831033859,127.86548868637,90,유료,20000.0,2.0,79001,,,충북 충주시,학교
162,(직업인멘토) 조향사,파주시진로진학지원센터,공공기관/공기업,화학공학 기술자 및 시험원,직업실무체험형,Y,Y,Y,37.71259404079462,126.68647309054312,100,유료,12000.0,2.0,79001,,62001.0,경기 파주시,학교
161,"자연을 엮다, 라탄공예 체험",온더로드 천마산,개인사업장,공예,현장직업체험형,Y,Y,Y,35.0935832167422,129.017340072891,10,무료,,2.0,79001,,,부산 서구,체험처
160,(직업인멘토) 쇼호스트,파주시진로진학지원센터,공공기관/공기업,연극·영화·방송 전문가,직업실무체험형,Y,Y,Y,37.71261900566208,126.68654386757002,100,유료,7000.0,2.0,79001,,62001.0,경기 파주시,학교
159,"플로리스트, 꽃을 디자인하다",온더로드 천마산,개인사업장,기타 시각 및 공연 예술가,현장직업체험형,Y,Y,Y,35.0935832167422,129.017340072891,10,무료,,2.0,79001,,,부산 서구,체험처
158,2026년 찾아가는 꿈마중 (경남여자고등학교-창업동아리),동구진로교육지원센터,공공기관/공기업,기타,직업실무체험형,,,Y,35.13289294732123,129.04125431748906,200,무료,,2.0,79001,,,부산 동구,체험처
157,내 책상위의 친구 테라코타 비즈식물 만들기,522스튜디오,개인사업장,공예,학과체험형,Y,Y,Y,37.0080705033715,127.27979032841,20,유료,35000.0,2.0,79001,,,경기 안성시,학교
156,"시들지 않는 꽃, 보존화 디자이너 [프리저브드액자]",수이평생교육원,개인사업장,기타,직업실무체험형,Y,Y,Y,37.2046839635884,127.10784215332,30,유료,35000.0,2.0,79001,,,경기 화성시,학교
155,꽃과 식물로 예술을 표현하는 식물예술가 [압화액자],수이평생교육원,개인사업장,기타,직업실무체험형,Y,Y,Y,37.2046839635884,127.10784215332,30,유료,25000.0,2.0,79001,,,경기 화성시,학교
154,특별한 순간을 연출하는 시즌데코레이터 [크리스마스트리],수이평생교육원,개인사업장,기타,직업실무체험형,Y,Y,Y,37.2046839635884,127.10784215332,30,유료,35000.0,2.0,79001,,,경기 화성시,학교
153,나의 꿈을 디자인 하다! 고교학점제 캠프 [AI + ㈜비전에듀랩 워크북 활용],(주)비전에듀랩,민간기업,기타 교사,캠프형,,Y,Y,37.3923133697778,126.956516194105,0,유료,20000.0,6.0,79001,,,경기 안양시,체험처
152,모스로 공간을 디자인하는 플랜트디자이너 [모스아트],수이평생교육원,개인사업장,기타,직업실무체험형,Y,Y,Y,37.2046839635884,127.10784215332,30,유료,25000.0,2.0,79001,,,경기 화성시,학교
151,OWN IT 기업가 정신과 창업캠프 [AI + ㈜비전에듀랩 워크북 활용],(주)비전에듀랩,민간기업,데이터 전문가,캠프형,,Y,Y,37.3923133697778,126.956516194105,0,유료,20000.0,6.0,79001,,,경기 안양시,체험처
150,향기로 식물을 이해하는 허브전문가 [허브화분],수이평생교육원,개인사업장,기타,직업실무체험형,Y,Y,Y,37.2046839635884,127.10784215332,30,유료,25000.0,2.0,79001,,,경기 화성시,학교
149,체인지 메이커 세상을 바꾸는 기업가 정신과 창업캠프 [AI + ㈜비전에듀랩 워크북 활용],(주)비전에듀랩,민간기업,데이터 전문가,캠프형,Y,Y,Y,37.3923133697778,126.956516194105,0,유료,20000.0,6.0,79001,,,경기 안양시,체험처
148,작은 숲을 디자인하는 원예전문가 [테라리움],수이평생교육원,개인사업장,기타,직업실무체험형,Y,Y,Y,37.2046839635884,127.10784215332,30,유료,25000.0,2.0,79001,,,경기 화성시,학교
147,식물로 창작하는 원예디자이너 [다육아트],수이평생교육원,개인사업장,기타,직업실무체험형,Y,Y,Y,37.2046839635884,127.10784215332,30,유료,25000.0,2.0,79001,,,경기 화성시,학교
146,잡(JOB)다한 진로 비전 설계 캠프 [AI + ㈜비전에듀랩 워크북 활용],(주)비전에듀랩,민간기업,데이터 전문가,캠프형,,Y,Y,37.3923133697778,126.956516194105,0,유료,20000.0,6.0,79001,,,경기 안양시,체험처
145,청소년 진로체험 방학특강,종로청소년문화의집,공공기관/공기업,감독 및 기술감독,현장직업체험형,Y,Y,,37.5753265880665,127.010132952839,75,유료,90000.0,2.0,79001,,,서울 종로구,체험처
144,식물로 마음을 돌보는 치유농업사 [치유정원],수이평생교육원,개인사업장,기타,직업실무체험형,Y,Y,Y,37.2046839635884,127.10784215332,30,유료,25000.0,2.0,79001,,,경기 화성시,학교
143,자기주도학습 스마트 러닝 캠프 [AI + ㈜비전에듀랩 워크북 활용],(주)비전에듀랩,민간기업,데이터 전문가,캠프형,Y,Y,Y,37.3923133697778,126.956516194105,0,유료,20000.0,6.0,79001,,,경기 안양시,체험처
142,"자존감 ON! 퍼스널브랜딩 진로캠프_나를 발견하고, 나답게 빛나는 미래를 만들다",(주)드림에듀온,민간기업,기타,캠프형,,Y,Y,36.3688491693756,127.337892877669,30,유료,600000.0,6.0,79001,,62001.0,대전 유성구,학교
141,식물로 지구를 지키는 환경원예전문가 [공기정화식물],수이평생교육원,개인사업장,기타,직업실무체험형,Y,Y,Y,37.2046839635884,127.10784215332,30,유료,25000.0,2.0,79001,,,경기 화성시,학교
140,자기주도학습 Switch On 캠프 [AI + ㈜비전에듀랩 워크북 활용],(주)비전에듀랩,민간기업,데이터 전문가,캠프형,Y,Y,Y,37.3923133697778,126.956516194105,0,유료,20000.0,6.0,79001,,,경기 안양시,체험처
139,자신감 ON! 드림스피치 진로캠프_생각과 꿈을 자신 있게 표현하며 성장하는 스피치를 배우다,(주)드림에듀온,민간기업,기타,캠프형,,Y,Y,36.3688491693756,127.337892877669,30,유료,600000.0,6.0,79001,,62001.0,대전 유성구,학교
138,꽃으로 계절을 디자인하는 플로리스트 [리스],수이평생교육원,개인사업장,기타,직업실무체험형,Y,Y,Y,37.2046839635884,127.10784215332,30,유료,35000.0,2.0,79001,,,경기 화성시,학교
137,디지털 포트폴리오 & AI 면접 마스터 세상 데뷔 프로젝트 with AI 캠프,(주)비전에듀랩,민간기업,데이터 전문가,캠프형,,Y,Y,37.3923133697778,126.956516194105,0,유료,20000.0,6.0,79001,,,경기 안양시,체험처
136,우리함께 ON! 리더십 진로캠프_함께 성장하며 미래를 이끄는 리더십을 배우다,(주)드림에듀온,민간기업,기타,캠프형,,Y,Y,36.3688491693756,127.337892877669,30,유료,600000.0,6.0,79001,,62001.0,대전 유성구,학교
135,꽃으로 감성을 판매하는 플로리스트 [플라워백],수이평생교육원,개인사업장,기타,직업실무체험형,Y,Y,Y,37.2046839635884,127.10784215332,30,유료,35000.0,2.0,79001,,,경기 화성시,학교
134,"디지털 시민성, 디지털 리터러시 디지털 시민 ON 캠프",(주)비전에듀랩,민간기업,데이터 전문가,캠프형,Y,Y,Y,37.3923133697778,126.956516194105,0,유료,20000.0,6.0,79001,,,경기 안양시,체험처
133,"우리사이 ON! 공감소통 진로캠프_나와 서로를 이해하고, 함께 성장하는 소통을 배우다",(주)드림에듀온,민간기업,기타,캠프형,,Y,Y,36.3688491693756,127.337892877669,30,유료,600000.0,6.0,79001,,62001.0,대전 유성구,학교
132,꽃으로 공간을 연출하는 플로리스트 [센터피스],수이평생교육원,개인사업장,기타,직업실무체험형,Y,Y,Y,37.2046839635884,127.10784215332,30,유료,35000.0,2.0,79001,,,경기 화성시,학교
131,강사 및 멘토지원 - 간호사(3시간 과정),울산동구청소년진로지원센터,공공기관/공기업,간호사,대화형,,Y,Y,35.50627275740647,129.4175374039674,100,유료,150000.0,3.0,79001,5.0,,울산 동구,학교
130,강사 및 멘토지원 - 영상제작자(3시간 과정),울산동구청소년진로지원센터,공공기관/공기업,영상·녹화·편집 기사,대화형,,Y,Y,35.50642650539868,129.41750895620186,100,유료,150000.0,3.0,79001,5.0,,울산 동구,학교
129,AI 실전활용 AI(아이)디어 캠프 [AI + ㈜비전에듀랩 워크북 활용],(주)비전에듀랩,민간기업,기타 데이터 및 네트워크 전문가,캠프형,Y,Y,Y,37.3923133697778,126.956516194105,0,유료,20000.0,6.0,79001,,,경기 안양시,체험처
128,꽃으로 감정을 디자인하는 플로리스트 [꽃바구니],수이평생교육원,개인사업장,기타,직업실무체험형,Y,Y,Y,37.2046839635884,127.10784215332,30,유료,35000.0,2.0,79001,,,경기 화성시,학교
127,가치 ON! 창업가정신 진로캠프_문제를 발견하고 가치를 만드는 창업가정신을 배우다,(주)드림에듀온,민간기업,기타,캠프형,,Y,Y,36.3688491693756,127.337892877669,30,유료,600000.0,6.0,79001,,62001.0,대전 유성구,학교
126,[학교방문형]동물사육사 체험교육,어흥이벤트,개인사업장,기타,현장직업체험형,Y,,,37.2663536965585,126.882476760968,40,유료,11000.0,120.0,79001,,,경기 화성시,학교
125,SW 엔지니어와 함께하는 AI 로봇 코딩 및 SW 분야 진로체험,(주)진교연,민간기업,소프트웨어 개발자,직업실무체험형,Y,Y,Y,35.183164124534485,128.08526956017752,26,유료,20000.0,2.0,79001,,62001.0,경남 진주시,체험처
124,청소년 방학특강 영화 제작 진로체험 프로그램,한국영화인협회,청소년/시민단체,감독 및 기술감독,직업실무체험형,Y,Y,,37.5753265880665,127.010132952839,75,유료,90000.0,10.0,79001,,,서울 종로구,체험처
123,"감성·창의·힐링이 함께하는 공예 프로그램 – 11년 교사, 교육에서 공예로 이어진 길",오브담아틀리에,개인사업장,공예,직업실무체험형,Y,Y,Y,36.31345625259424,127.38177130375958,30,유료,30000.0,1.0,79001,,,대전 서구,학교
122,[뚝딱뚝딱 꿈꾸는 목공DIY] 미니책꽂이,영우네농장,개인사업장,건축·토목공학 기술자 및 시험원,현장직업체험형,Y,Y,Y,36.49640848223197,127.03504929520956,25,유료,25000.0,2.0,79001,,,충남 공주시,학교
121,애견미용사 진로제험,MBC아카데미애견미용학원,개인사업장,반려동물 미용 및 관리 종사원,직업실무체험형,,,Y,37.5053066522316,126.75194318018796,10,무료,,2.0,79001,,,경기 부천시,체험처
120,순천만거차뻘배체험,순천만거차뻘배체험장,청소년/시민단체,어업 종사자,현장직업체험형,Y,Y,,34.8371182293641,127.446662042888,200,유료,13000.0,2.0,79001,,62001.0,전남 순천시,체험처
119,2026년 법과학체험교실(2학기),국립과학수사연구원,공공기관/공기업,연구직 및 공학 기술직,현장직업체험형,,Y,,37.32816165732977,127.97452495660144,80,무료,,2.0,79001,,62001.0,강원 원주시,체험처
118,플라스틱 메이커,플라스미스,개인사업장,제품 디자이너,강연형,Y,Y,,37.48544623892753,126.98193178478652,30,유료,10000.0,2.0,79001,,,서울 동작구,학교
117,작은공하나!큰변화!(씨앗볼만들기체험),헤오름치유농업연구소,개인사업장,원예작물 재배원,강연형,Y,,,36.4816788992204,127.326858644491,40,유료,13000.0,1.0,79001,,,세종 세종시,학교
116,대경생활과학고등학교 푸드조리디자인과 체험,대경생활과학고등학교,학교/대학교,주방장 및 요리 연구가,학과체험형,,Y,,37.55644537938626,127.017327072268,25,무료,,2.0,79001,,,서울 중구,체험처
115,대경생활과학고등학교 캐릭터디자인과 체험,대경생활과학고등학교,학교/대학교,기타디자인,학과체험형,,Y,,37.55644537938626,127.017327072268,25,무료,,2.0,79001,,,서울 중구,체험처
114,연퀴즈ON,연수구청소년센터,청소년/시민단체,진로교육,대화형,,Y,Y,37.41099205645541,126.62921236757828,1105,무료,,2.0,79001,5.0,62001.0,인천 연수구,학교
113,대경생활과학고등학교 방송공연콘텐츠과 체험,대경생활과학고등학교,학교/대학교,예술교육,학과체험형,,Y,,37.55644537938626,127.017327072268,25,무료,,2.0,79001,,,서울 중구,체험처
112,AI디자이너 : 상상을 현실로 만들다.,아이스페이스(진천),민간기업,미디어 콘텐츠 디자이너,직업실무체험형,Y,Y,Y,36.6561955411291,127.492382358889,30,유료,28000.0,2.0,79001,,,충북 진천군,학교
111,"AI 코딩 : 웹 개발자, 게임&프로그램 기획",아이스페이스(진천),민간기업,웹 개발자,직업실무체험형,Y,Y,Y,36.6561955411291,127.492382358889,30,유료,28000.0,2.0,79001,,,충북 진천군,학교
110,AI뉴미디어 창작하기,아이스페이스(진천),민간기업,미디어 콘텐츠 디자이너,직업실무체험형,Y,Y,Y,36.6561955411291,127.492382358889,30,유료,28000.0,2.0,79001,,,충북 진천군,학교
109,강사 및 멘토지원 – 자율주행자동차개발자(2시간 과정),울산동구청소년진로지원센터,공공기관/공기업,컴퓨터시스템 전문가,대화형,,Y,Y,35.50636413258013,129.41747402748018,100,유료,80000.0,2.0,79001,,,울산 동구,학교
108,AI 미래 진로 프리미엄 컨설턴트,아이스페이스(진천),민간기업,기타,직업실무체험형,Y,Y,Y,36.6561955411291,127.492382358889,30,유료,28000.0,2.0,79001,,,충북 진천군,학교
107,대학생 학과진로강연,연수구청소년센터,청소년/시민단체,기타사회과학,대화형,,Y,Y,37.4125331479027,126.660620941061,1698,무료,,2.0,79001,4.5,62001.0,인천 연수구,학교
106,"(공예 디자이너 체험) 힙한 화분, 힙팟 만들기",피어난공방,개인사업장,공예원,현장직업체험형,Y,Y,Y,35.55528846460131,129.34114723720998,20,유료,30000.0,2.0,79001,,,울산 중구,체험처
105,캠퍼스 팝업스토어,강서구진로교육지원센터,공공기관/공기업,기타,학과체험형,,Y,Y,35.0845804004065,128.899781033855,999,무료,,2.0,79001,5.0,62001.0,부산 강서구,체험처
104,제과제빵(초코 마들렌),영화학교,학교/대학교,제과·제빵원,현장직업체험형,Y,Y,,35.0659111691242,126.516624840635,4,무료,,2.0,79001,,62002.0,전남 함평군,체험처
103,수납정리전문가_사회복지,제주삼춘협동조합,민간기업,컴퓨터그래픽스모델링,학과체험형,,Y,Y,33.37364420402927,126.8436233427729,120,유료,10000.0,3.0,79001,5.0,62001.0,제주 서귀포시,체험처
102,2026 진로지원멘토단 진로코치 프로그램,과천시진로체험지원센터,공공기관/공기업,기타,강연형,,Y,,37.42683650069645,126.9925433543028,9999,무료,,2.0,79001,,62001.0,경기 과천시,학교
101,드론 조종 입문 진로체험,에토스미래교육연구원,민간기업,기타,현장직업체험형,Y,Y,Y,37.36714966223733,127.10704220806852,25,유료,13200.0,2.0,79001,,,경기 성남시,학교
100,2026 4차산업동아리,과천시진로체험지원센터,공공기관/공기업,기타,강연형,,Y,,37.42682749176891,126.99256312660292,9999,무료,,2.0,79001,,62001.0,경기 과천시,학교
99,[9월 교육기부 3개교 선정] 초등 AI·드론 미래기술,에토스미래교육연구원,민간기업,기타,현장직업체험형,Y,,,37.36714966223733,127.10704220806852,200,무료,,1.0,79001,,,경기 성남시,학교
98,"모두를 위한 스포츠, 매트퍼링 체험 교실",두드림연구소,민간기업,기타 스포츠 및 여가서비스 종사원,직업실무체험형,Y,Y,Y,36.18713673437427,127.098743525871,40,유료,10000.0,2.0,79001,4.0,62001.0,충남 논산시,학교
97,액막이 명태,영양목재문화체험장,공공기관/공기업,제품 디자이너,현장직업체험형,Y,,,36.70073340255082,129.11232266610287,20,유료,15000.0,1.0,79001,,,경북 영양군,체험처
96,전통한지 지승공예,전통한지 지승공예,개인사업장,기타,현장견학형,Y,Y,,34.672095095660566,126.9321773881388,30,유료,15000.0,2.0,79001,,,전남 장흥군,체험처
95,경제캠프(이코노믹챌린지),케이(K)-메디치연구소(괴산지점),청소년/시민단체,자산 운용가,직업실무체험형,Y,Y,Y,36.6004886343597,127.462511069909,100,유료,20000.0,2.0,79001,,,충북 괴산군,학교
94,정신분석가와 함께하는 진로 탐색 특강,다르필름&디자인,민간기업,정신분석학/분석심리학,대화형,,Y,,36.340600978910366,127.3897650632174,20,유료,15000.0,2.0,79001,,,대전 서구,학교
93,AI디자이너: 상상을 현실로 만들다,아이스페이스(괴산),민간기업,미디어 콘텐츠 디자이너,직업실무체험형,Y,Y,Y,36.6561955411291,127.492382358889,30,유료,28000.0,2.0,79001,,,충북 괴산군,체험처
92,AI 브랜드 마케팅,아이스페이스(괴산),민간기업,제품 디자이너,직업실무체험형,Y,Y,Y,36.6561955411291,127.492382358889,30,유료,28000.0,2.0,79001,,,충북 괴산군,체험처
91,"AI 코딩 : 웹 개발자, 게임&프로그램 기획",아이스페이스(괴산),민간기업,웹 개발자,직업실무체험형,Y,Y,Y,36.6561955411291,127.492382358889,60,유료,28000.0,2.0,79001,,,충북 괴산군,학교
90,AI 미래 진로 프리미엄 컨설턴트,아이스페이스(괴산),민간기업,기타,직업실무체험형,Y,Y,Y,36.6561955411291,127.492382358889,30,유료,28000.0,2.0,79001,,,충북 괴산군,학교
89,AI 나홀로 창업 도전하기,아이스페이스(괴산),민간기업,마케팅·광고·홍보 관리자,직업실무체험형,Y,Y,Y,36.6561955411291,127.492382358889,90,유료,28000.0,2.0,79001,,,충북 괴산군,학교
88,전문 직업인 특강,더아름교육원,개인사업장,기타,직업실무체험형,Y,Y,Y,36.48463426523449,127.25245264511486,400,유료,400000.0,2.0,79001,,,세종 세종시,체험처
87,직업탐색활동 직업실무체험-(킴앤쿡요리전문학원)쉐프 직업체험,킴앤쿡요리전문학원,개인사업장,주방장 및 조리사,직업실무체험형,,Y,Y,35.49534972975264,129.42035004453876,100,유료,15000.0,2.0,79001,5.0,62001.0,울산 동구,학교
86,진로탐색활동 직업실무체험-(보담정)전통요리전문가,보담정,개인사업장,식품 가공 기능원,직업실무체험형,,Y,,35.50463938882957,129.41649228888716,100,유료,15000.0,2.0,79001,5.0,,울산 동구,체험처
85,진로탐색활동 직업실무체험-제약공학전문가,울산동구청소년진로지원센터,공공기관/공기업,기타,직업실무체험형,,Y,,35.50643595204458,129.41748720058757,100,유료,15000.0,2.0,79001,5.0,,울산 동구,학교
84,진로탐색활동 직업실무체험-(카카오봉봉)쇼콜라티에,카카오봉봉,개인사업장,기타 조리사,직업실무체험형,,Y,,35.50463938882957,129.41649228888716,100,유료,15000.0,2.0,79001,5.0,62001.0,울산 동구,체험처
83,모루꽃 액자,공간속의 어울림 &작은도서관,개인사업장,제품 디자이너,현장직업체험형,,Y,,37.1297422322164,128.214837537156,50,유료,25000.0,2.0,79001,,62001.0,충북 제천시,체험처
82,업사이클링-도어벨,예솜공방,개인사업장,기타예술체육,학과체험형,Y,Y,,37.1546579606917,128.217966516194,30,유료,20000.0,2.0,79001,,62001.0,충북 제천시,학교
81,AI와 함께 만드는 디지털 이모티콘 디자이너,모세사,개인사업장,통신공학 기술자 및 연구원,직업실무체험형,Y,Y,,36.4898161563742,127.258945240294,20,유료,15000.0,2.0,79001,,,세종 세종시,학교
80,별자리로 배우는 나너우리,알레프 북샵,개인사업장,연극·영화·방송 전문가,캠프형,,Y,,37.137274220609,128.201301731011,45,유료,35000.0,2.0,79001,,,충북 제천시,학교
79,조향사 진로 교육 체험_핸드크림,스튜디오 1215,개인사업장,화학공학 기술자 및 연구원,직업실무체험형,,Y,Y,37.5077514296896,126.727606498142,15,유료,30000.0,1.5,79001,,,인천 부평구,학교
78,조향사 진로 교육 체험_향수,스튜디오 1215,개인사업장,화학공학 기술자 및 연구원,직업실무체험형,,Y,Y,37.5077514296896,126.727606498142,15,유료,20000.0,1.5,79001,,,인천 부평구,학교
77,"나를 디자인하다, 자화상 피규어진로체험","그리다,",개인사업장,기타,현장직업체험형,Y,Y,Y,34.8927006523932,128.615065166446,20,유료,20000.0,2.0,79001,,,경남 거제시,체험처
76,꿈과 진로를 담은 키링 디자인 체험,"그리다,",개인사업장,기타,현장직업체험형,Y,Y,Y,34.8927006523932,128.615065166446,30,유료,15000.0,2.0,79001,,,경남 거제시,체험처
75,미래의 공예가 체험: 타일 냄비받침 만들기,"그리다,",개인사업장,소규모 상점 경영 및 일선 관리 종사원,현장직업체험형,Y,Y,Y,34.8927006523932,128.615065166446,30,유료,15000.0,2.0,79001,,,경남 거제시,체험처
74,휴지 거치대,영양목재문화체험장,공공기관/공기업,화가 및 조각가,현장직업체험형,Y,,,36.70086026848627,129.1122813845895,10,유료,6000.0,1.0,79001,,,경북 영양군,체험처
73,[체험형] 찾진&멘토링 [플랜트 테라피스트(힐링모스액자)],교육공감협동조합,민간기업,예술·디자인·방송직,직업실무체험형,,Y,,35.5438097037233,129.330091790831,100,유료,15000.0,2.0,79001,,62002.0,울산 남구,학교
72,[체험형] 찾진&멘토링 [게임개발(바이브 게임개발)],원메이커랩,개인사업장,여행·숙박·오락 서비스직,직업실무체험형,,Y,,35.5438097037233,129.330091790831,100,유료,15000.0,2.0,79001,,62001.0,울산 남구,체험처
71,도자기 공예 체험,가원 도자공방,개인사업장,공예원,현장직업체험형,Y,Y,Y,35.1592681070978,129.176343248906,12,유료,30000.0,2.0,79001,,,부산 해운대구,체험처
70,생활도자공예체험 프로그램,가원 도자공방,개인사업장,공예원,현장직업체험형,,Y,Y,35.15926891237366,129.17638869836014,12,유료,30000.0,2.0,79001,,,부산 해운대구,체험처
69,"1.모델반 : 모델포즈,자세교정,바른걸음교정,오다리 교정 / 2.메이크업 : 메이크업 아티스트  진로 체험교육 및 영화특수분장교육",DMC 모델 아카데미,개인사업장,"창작·공연 전문가(작가, 연극 제외)",현장직업체험형,Y,Y,Y,35.1452866108,129.057823416,5,유료,15000.0,2.0,79001,,,부산 부산진구,체험처
68,도장 만들기,영양목재문화체험장,공공기관/공기업,제품 디자이너,현장직업체험형,Y,Y,,36.70090628665557,129.11222670124232,5,유료,115000.0,1.0,79001,,,경북 영양군,체험처
67,[진로멘토링] 아나운서,더코리아스피치아카데미학원,개인사업장,기자 및 언론 전문가,강연형,,Y,,35.5438097037233,129.330091790831,100,유료,80000.0,2.0,79001,5.0,,울산 남구,체험처
66,[진로멘토링] 로봇공학자,(주)영진에듀,개인사업장,연구직 및 공학 기술직,강연형,,Y,,35.5438097037233,129.330091790831,100,무료,80000.0,2.0,79001,5.0,62001.0,울산 남구,체험처
65,[진로멘토링] 인공지능전문가,(주)영진에듀,개인사업장,정보통신 연구 개발직 및 공학 기술직,강연형,,Y,,35.5438097037233,129.330091790831,100,무료,80000.0,2.0,79001,4.0,62001.0,울산 남구,체험처
64,[진로멘토링] 드론전문가,(주)영진에듀,개인사업장,기계 설치·정비·생산직,강연형,,Y,,35.5438097037233,129.330091790831,100,무료,80000.0,2.0,79001,5.0,62001.0,울산 남구,체험처
63,땋음 은 반지 만들기,호룸,개인사업장,공예,현장직업체험형,Y,Y,Y,36.36477224366513,127.4268253969963,10,유료,40000.0,2.0,79001,,,대전 대덕구,학교
62,스카이교육 학교로 찾아가는 진로체험 (양말공예),스카이교육(광주/전체/2022.06.23),민간기업,공예자원식물,직업실무체험형,,Y,,35.1694378564351,126.92234609245,30,유료,23000.0,2.0,79001,,,광주 북구,체험처
61,스카이교육 학교로 찾아가는 진로체험 (꽃꽂이),스카이교육(광주/전체/2022.06.23),민간기업,원예학,직업실무체험형,,Y,,35.1694378564351,126.92234609245,30,유료,23000.0,2.0,79001,,,광주 북구,체험처
60,플라워박스만들기 (학교&체험처 프로그램 가능),온뜨레,개인사업장,화훼원예,직업실무체험형,Y,Y,Y,34.9614458769521,127.72036968048,30,유료,35000.0,2.0,79001,,,전남 광양시,학교
59,스카이교육 학교로 찾아가는 진로체험 (에코백 염색),스카이교육(광주/전체/2022.06.23),민간기업,공예자원식물,직업실무체험형,,Y,,35.1694378564351,126.92234609245,30,유료,20000.0,2.0,79001,,,광주 북구,체험처
58,생화프리저브드리스만들기,온뜨레,개인사업장,화훼원예,직업실무체험형,Y,Y,Y,34.9614458769521,127.72036968048,30,유료,35000.0,2.0,79001,,,전남 광양시,학교
57,생화 플라워케이크 만들기,온뜨레,개인사업장,화훼원예,직업실무체험형,Y,Y,Y,34.9614458769521,127.72036968048,30,유료,35000.0,2.0,79001,,,전남 광양시,학교
56,과일&플라워 센터피스 만들기,온뜨레,개인사업장,화훼원예,직업실무체험형,Y,Y,Y,34.9614458769521,127.72036968048,30,유료,35000.0,2.0,79001,,,전남 광양시,학교
55,커리어크루,강서구진로교육지원센터,공공기관/공기업,기타,직업실무체험형,,Y,Y,35.0845804004065,128.899781033855,999,무료,,2.0,79001,,62001.0,부산 강서구,체험처
54,job스타트,강서구진로교육지원센터,공공기관/공기업,기타,직업실무체험형,,Y,Y,35.0845804004065,128.899781033855,999,무료,,2.0,79001,5.0,62001.0,부산 강서구,체험처
53,리얼 job 스쿨,강서구진로교육지원센터,공공기관/공기업,기타,직업실무체험형,,Y,Y,35.0845804004065,128.899781033855,999,무료,,2.0,79001,5.0,62001.0,부산 강서구,체험처
52,job 실습실,강서구진로교육지원센터,공공기관/공기업,기타,직업실무체험형,,Y,Y,35.0845804004065,128.899781033855,999,무료,,2.0,79001,,62001.0,부산 강서구,체험처
51,데이터로 여는 미래 진로 체험(빅데이터&KOSIS),동남지방통계청 지역통계과,공공기관/공기업,데이터 전문가,강연형,,Y,Y,35.1873217897558,129.073474312586,20,무료,,2.0,79001,,62001.0,부산 연제구,체험처
50,스트링아트,영양목재문화체험장,공공기관/공기업,제품 디자이너,현장직업체험형,Y,,,36.70074240768921,129.11232291261413,20,유료,10000.0,1.0,79001,,,경북 영양군,체험처
49,샤프 만들기,영양목재문화체험장,공공기관/공기업,제품 디자이너,현장직업체험형,Y,,,36.70089609054136,129.11229355379595,20,유료,8000.0,1.0,79001,,,경북 영양군,체험처
48,[진로멘토링] 창업가_울트원,울트원,개인사업장,영업·판매직,강연형,,Y,,35.5438097037233,129.330091790831,100,유료,80000.0,2.0,79001,5.0,62001.0,울산 남구,학교
47,농가공(레몬청 만들기),영화학교,학교/대학교,음료 조리사,현장직업체험형,,Y,,35.10368770933457,126.49465450661012,4,무료,,2.0,79001,,62002.0,전남 함평군,체험처
46,가죽공예장인과 함께하는 슬림카드 만들기,주식회사포인방,민간기업,기타,현장직업체험형,Y,Y,Y,37.3884840763235,126.935679913117,20,유료,24000.0,2.0,79001,,,경기 안양시,학교
45,"<특수반,위클래스,다문화,학교밖,취약계층,돌봄> 원예심리 - 힐링플라워테라피",리디아플라워스튜디오,개인사업장,실내장식 디자이너,강연형,Y,Y,Y,36.996117631460855,127.10238584603042,10,유료,35000.0,2.0,79001,,,경기 평택시,학교
44,커버드센터피스만들기,온뜨레,개인사업장,화훼원예,직업실무체험형,Y,Y,Y,34.9614458769521,127.72036968048,30,유료,35000.0,2.0,79001,,,전남 광양시,학교
43,편백이오난사드림캐쳐만들기,온뜨레,개인사업장,화훼원예,직업실무체험형,Y,Y,Y,34.9614458769521,127.72036968048,30,유료,30000.0,2.0,79001,,,전남 광양시,학교
42,오렌지편백리스만들기,온뜨레,개인사업장,화훼원예,직업실무체험형,Y,Y,Y,34.9614458769521,127.72036968048,30,유료,35000.0,2.0,79001,,,전남 광양시,체험처
41,목공예 체험,주식회사 별따는 영양,민간기업,제품 디자이너,현장직업체험형,Y,Y,Y,36.7913265080252,129.264658436515,20,유료,25000.0,3.0,79001,,,경북 영양군,학교
40,찾아가는 피지컬AI 미래직업 체험교육,에이스매직,개인사업장,정보시스템 운영자,직업실무체험형,Y,Y,,34.7603033814994,127.668888988574,50,유료,30000.0,2.0,79001,,62002.0,전남 여수시,학교
39,가죽공예장인과 함께하는 가죽반지갑 만들기 체험,주식회사포인방,민간기업,기타,현장직업체험형,Y,Y,Y,37.3884840763235,126.935679913117,20,유료,30000.0,2.0,79001,,,경기 안양시,학교
38,AI 인공지능 직업체험,제일교육,민간기업,기타,캠프형,,Y,,37.360018350228046,126.93736331299938,247,유료,15000.0,4.0,79001,,62001.0,경기 군포시,체험처
37,"[감성 업사이클링]반려돌의 따뜻한 보금자리, 양말목으로 엮는 그린(Green) 미래",창원시설관리공단(우리누리청소년문화센터),공공기관/공기업,공예,캠프형,Y,Y,,35.2404201354842,128.590361596706,20,유료,15000.0,1.0,79001,,62001.0,경남 창원시,학교
36,수봉도서관 2026년 찾아가는 진로 멘토링 '사서에게 물어보세요!',수봉도서관,공공기관/공기업,기타,현장직업체험형,,Y,Y,37.4570756444157,126.664971932721,30,무료,,1.0,79001,,62001.0,인천 미추홀구,학교
35,수봉도서관 2026년 청소년 진로체험 '사서가꿈',수봉도서관,공공기관/공기업,기타,현장직업체험형,,Y,Y,37.4570756444157,126.664971932721,30,무료,,2.0,79001,,62001.0,인천 미추홀구,체험처
34,향가야 놀자 !,한국향가문화예술원,청소년/시민단체,예술·디자인·방송·스포츠직,강연형,Y,,,35.8502396974696,129.22770783946,10,유료,3000.0,2.0,79001,,62001.0,경북 경주시,학교
33,나도 주식할 수 있다. 펀드매니저,혜안심리연구소,개인사업장,투자·신용 분석가,직업실무체험형,Y,Y,Y,37.4824313837703,126.877463892587,20,유료,14000.0,2.0,79001,,,서울 금천구,학교
32,[인공지능]AI와 함께하는 수학풀이,폭스러닝센터,민간기업,통신공학 기술자 및 연구원,현장직업체험형,Y,Y,Y,36.376343373624,127.390466196206,20,유료,50000.0,2.0,79001,,,대전 유성구,체험처
31,글라스아트로 키링 만들기,풍스풍스,개인사업장,제품 디자이너,직업실무체험형,Y,Y,,37.00069163779587,127.13112721799082,5,유료,20000.0,2.0,79001,,,경기 평택시,학교
30,AI역량강화 프로그램_생성형 AI교육(캔바),(주)더하이픈,개인사업장,기타,강연형,Y,,,35.9412022237964,126.685173050197,25,유료,18000.0,2.0,79001,,62001.0,전북 군산시,학교
29,환경교육_원예직업체험_테라리움,그린쵸이,개인사업장,기타원예학,직업실무체험형,Y,Y,,35.2853008658099,128.504156797286,10,유료,20000.0,2.0,79001,,,경남 함안군,학교
28,달달다래와 함께하는 6차 산업 이야기,다울농업회사법인(주),민간기업,기타,강연형,Y,Y,Y,34.806875162667,127.254044490901,90,유료,30000.0,2.0,79001,,62001.0,전남 보성군,학교
27,토탈공예  체험하기-나도 공예작가(냅킨공예-에코백),다인공방,개인사업장,공예원,직업실무체험형,Y,Y,Y,37.140981994103626,128.21839444440164,30,유료,20000.0,2.0,79001,,62001.0,충북 제천시,체험처
26,[SEL사회정서학습] 내 안의 지도 만들기,폭스러닝센터,민간기업,동기/정서심리,현장직업체험형,Y,Y,Y,36.376343373624,127.390466196206,6,유료,50000.0,2.0,79001,,,대전 유성구,체험처
25,AI역량강화 프로그램_로봇코딩,(주)더하이픈,개인사업장,기타,강연형,Y,,,35.9412022237964,126.685173050197,15,유료,18000.0,8.0,79001,,62001.0,전북 군산시,학교
24,대학생 멘토와 함께하는 대학탐방 멘토링 프로그램,한국미래진로센터,민간기업,기타,현장견학형,Y,Y,Y,37.45976765083201,126.95093411016734,600,유료,39000.0,5.0,79001,,62001.0,서울 관악구,체험처
23,정치역량강화 프로그램_국민의 선택,(주)더하이픈,개인사업장,기타,강연형,,Y,,35.9412022237964,126.685173050197,30,유료,18000.0,4.0,79001,,62001.0,전북 군산시,학교
22,기업가 정신 프로그램_미들스쿨 히어로즈,(주)더하이픈,개인사업장,기타,강연형,,Y,,35.9412022237964,126.685173050197,30,유료,18000.0,4.0,79001,,62001.0,인천 부평구,학교
21,박물관에서 꿈을 찾다,국립진주박물관,공공기관/공기업,인문과학 연구원,현장직업체험형,,Y,,35.1890078135167,128.0768275861714,25,무료,,2.0,79001,5.0,62001.0,경남 진주시,체험처
20,학생 직업체험,법무연수원,공공기관/공기업,법률 사무원,직업실무체험형,,Y,Y,36.89797407297253,127.5446712001702,120,무료,,3.0,79001,,62002.0,충북 진천군,체험처
19,디지털 미디어 리터러시,혜안심리연구소,개인사업장,기타,직업실무체험형,Y,Y,Y,37.4824313837703,126.877463892587,20,유료,15000.0,2.0,79001,,,서울 금천구,학교
18,가죽공예/ 가죽카드지갑만들기,루시의 수인아트-수인공예문화협회(성남분당용인지부),청소년/시민단체,제품 디자이너,직업실무체험형,Y,Y,Y,37.3394082251428,127.114124795783,50,유료,13000.0,1.0,79001,,,경기 성남시,학교
17,가죽공예/ 가죽카드지갑만들기,수인공예문화협회,청소년/시민단체,제품 디자이너,직업실무체험형,Y,Y,Y,37.3207243639462,127.110784921318,75,유료,12000.0,1.0,79001,,,경기 용인시,학교
16,환경교육/업사이클링공예-바다유리(디퓨저&석고방향제),수인공예문화협회,청소년/시민단체,제품 디자이너,직업실무체험형,Y,Y,Y,37.3207243639462,127.110784921318,80,유료,15000.0,1.0,79001,,,경기 용인시,학교
15,업사이클링공예/환경교육-바다유리(디퓨저&석고방향제),루시의 수인아트-수인공예문화협회(성남분당용인지부),청소년/시민단체,제품 디자이너,직업실무체험형,Y,Y,Y,37.3394082251428,127.114124795783,70,유료,15000.0,1.0,79001,,,경기 성남시,학교
14,만지작공예,모두의 만지작공예,개인사업장,제품 디자이너,현장직업체험형,Y,Y,Y,37.4491590631165,126.729888807335,50,유료,15000.0,2.0,79001,,,인천 남동구,체험처
13,2026년 청소년진로박람회 '내 꿈의 스케치',용인미래교육센터,공공기관/공기업,기타,현장직업체험형,,Y,,37.27943223466525,127.1091166594763,999,무료,,4.0,79001,,,경기 용인시,학교
12,벌집 시계 만들기,(주)들길.의성목재문화체험장,개인사업장,기타,현장직업체험형,Y,Y,Y,36.2387355220953,128.814488257041,100,무료,,2.0,79001,,62001.0,경북 의성군,체험처
11,해바라기 시계 만들기,(주)들길.의성목재문화체험장,개인사업장,기타,현장직업체험형,Y,Y,Y,36.2387355220953,128.814488257041,100,무료,,2.0,79001,,62001.0,경북 의성군,체험처
10,미래엔지니어를 위한 스마트 로봇 캠프(스마트팩토리),서천군청소년수련관,공공기관/공기업,로봇공학/로보틱스,직업실무체험형,,,Y,36.01523739626749,126.6859555705156,30,무료,,8.0,79001,,62001.0,충남 서천군,체험처
9,둥근시계(해피)시계,(주)들길.의성목재문화체험장,개인사업장,기타,현장직업체험형,Y,Y,Y,36.2387355220953,128.814488257041,100,무료,,2.0,79001,,62001.0,경북 의성군,체험처
8,목공장비 '수공구'를 활용한 목공예품 만들기,조선대학교 CSU창작마을센터(메이커스페이스),학교/대학교,시각정보디자인,직업실무체험형,,Y,Y,35.142134883195,126.925118107298,10,유료,11000.0,2.0,79001,,,광주 동구,체험처
7,승화전사를 활용한 나만의 머그컵 만들기,조선대학교 CSU창작마을센터(메이커스페이스),학교/대학교,시각정보디자인,직업실무체험형,,Y,Y,35.142079362690296,126.92512353507212,20,유료,11000.0,2.0,79001,,,광주 동구,체험처
6,AI 진로 내비게이션 – 데이터가 알려주는 나의 미래,제이컴,개인사업장,기타,대화형,,Y,,36.7703884647353,126.456342409188,30,유료,10000.0,1.0,79001,,62001.0,충남 서산시,체험처
5,CNC라우터를 활용한 스마트워치 충전 거치대 만들기,조선대학교 CSU창작마을센터(메이커스페이스),학교/대학교,시각정보디자인,직업실무체험형,Y,Y,Y,35.142097393311104,126.92512900522148,5,유료,11000.0,2.0,79001,,,광주 동구,체험처
4,"UV프린터, 레이저커팅기를 활용한 일러스트 굿즈 만들기",조선대학교 CSU창작마을센터(메이커스페이스),학교/대학교,시각정보디자인,직업실무체험형,,Y,Y,35.142134883195,126.925118107298,10,유료,11000.0,2.0,79001,,,광주 동구,체험처
3,피부미용 직업실무체험,솜 왁싱,개인사업장,피부 및 체형 관리사,직업실무체험형,Y,Y,Y,37.44154087783277,126.70976423263537,10,유료,10000.0,2.0,79001,,,인천 남동구,학교
2,피부미용  현장직업체험,솜 왁싱,개인사업장,피부 및 체형 관리사,현장직업체험형,Y,Y,Y,37.441527397464505,126.70977840984924,10,유료,10000.0,2.0,79001,,,인천 남동구,체험처
1,3D프린터를 활용한 나만의 아크릴키 만들기,조선대학교 CSU창작마을센터(메이커스페이스),학교/대학교,시각정보디자인,직업실무체험형,,Y,Y,35.142134883195,126.925118107298,20,유료,11000.0,2.0,79001,,,광주 동구,체험처
